boundary	current_cut	threshold	pause_start	pause_end	duration	delta_end_cut
Genesis-21-5->Genesis-21-6	6.007130	-38dB	5.847640	5.915330	0.068	-0.092
Genesis-21-5->Genesis-21-6	6.007130	-38dB	5.915440	6.042130	0.127	+0.035
Genesis-21-5->Genesis-21-6	6.007130	-38dB	6.042200	6.093330	0.051	+0.086
Genesis-21-5->Genesis-21-6	6.007130	-38dB	6.093510	6.274490	0.181	+0.267
Genesis-21-5->Genesis-21-6	6.007130	-34dB	5.016530	5.064380	0.048	-0.943
Genesis-21-5->Genesis-21-6	6.007130	-34dB	5.770140	6.283060	0.513	+0.276
Genesis-21-5->Genesis-21-6	6.007130	-30dB	4.434850	4.512990	0.078	-1.494
Genesis-21-5->Genesis-21-6	6.007130	-30dB	4.657960	4.687960	0.030	-1.319
Genesis-21-5->Genesis-21-6	6.007130	-30dB	4.709140	4.800360	0.091	-1.207
Genesis-21-5->Genesis-21-6	6.007130	-30dB	4.999660	5.072220	0.073	-0.935
Genesis-21-5->Genesis-21-6	6.007130	-30dB	5.741810	6.286330	0.545	+0.279
Genesis-21-5->Genesis-21-6	6.007130	-30dB	7.007140	7.077850	0.071	+1.071
Genesis-21-5->Genesis-21-6	6.007130	-26dB	4.409210	4.526080	0.117	-1.481
Genesis-21-5->Genesis-21-6	6.007130	-26dB	4.626390	4.807070	0.181	-1.200
Genesis-21-5->Genesis-21-6	6.007130	-26dB	4.974560	5.076850	0.102	-0.930
Genesis-21-5->Genesis-21-6	6.007130	-26dB	5.713950	6.292610	0.579	+0.285
Genesis-21-5->Genesis-21-6	6.007130	-26dB	6.976830	7.086030	0.109	+1.079
Genesis-21-5->Genesis-21-6	6.007130	-22dB	4.366730	4.543240	0.177	-1.464
Genesis-21-5->Genesis-21-6	6.007130	-22dB	4.623610	4.807410	0.184	-1.200
Genesis-21-5->Genesis-21-6	6.007130	-22dB	4.944150	5.078570	0.134	-0.929
Genesis-21-5->Genesis-21-6	6.007130	-22dB	5.698620	6.310090	0.611	+0.303
Genesis-21-5->Genesis-21-6	6.007130	-22dB	6.470750	6.582240	0.111	+0.575
Genesis-21-5->Genesis-21-6	6.007130	-22dB	6.965960	7.087730	0.122	+1.081
Genesis-21-5->Genesis-21-6	6.007130	-20dB	4.359710	4.547410	0.188	-1.460
Genesis-21-5->Genesis-21-6	6.007130	-20dB	4.618160	4.813080	0.195	-1.194
Genesis-21-5->Genesis-21-6	6.007130	-20dB	4.942700	5.078750	0.136	-0.928
Genesis-21-5->Genesis-21-6	6.007130	-20dB	5.153830	5.219370	0.066	-0.788
Genesis-21-5->Genesis-21-6	6.007130	-20dB	5.680140	6.312790	0.633	+0.306
Genesis-21-5->Genesis-21-6	6.007130	-20dB	6.463040	6.582340	0.119	+0.575
Genesis-21-5->Genesis-21-6	6.007130	-20dB	6.942990	7.089320	0.146	+1.082
Genesis-21-5->Genesis-21-6	6.007130	-18dB	4.358410	4.817190	0.459	-1.190
Genesis-21-5->Genesis-21-6	6.007130	-18dB	4.940660	5.079730	0.139	-0.927
Genesis-21-5->Genesis-21-6	6.007130	-18dB	5.143650	5.220340	0.077	-0.787
Genesis-21-5->Genesis-21-6	6.007130	-18dB	5.679390	6.312810	0.633	+0.306
Genesis-21-5->Genesis-21-6	6.007130	-18dB	6.450910	6.583290	0.132	+0.576
Genesis-21-5->Genesis-21-6	6.007130	-18dB	6.937850	7.089390	0.152	+1.082
Genesis-21-6->Genesis-21-7	13.163600	-38dB	11.762300	11.948600	0.186	-1.215
Genesis-21-6->Genesis-21-7	13.163600	-38dB	13.006600	13.089800	0.083	-0.074
Genesis-21-6->Genesis-21-7	13.163600	-38dB	13.098600	13.198600	0.100	+0.035
Genesis-21-6->Genesis-21-7	13.163600	-38dB	13.198700	13.234100	0.035	+0.070
Genesis-21-6->Genesis-21-7	13.163600	-38dB	13.234100	13.270600	0.037	+0.107
Genesis-21-6->Genesis-21-7	13.163600	-38dB	13.274100	13.369700	0.096	+0.206
Genesis-21-6->Genesis-21-7	13.163600	-38dB	13.576700	13.632300	0.056	+0.469
Genesis-21-6->Genesis-21-7	13.163600	-38dB	13.632400	13.698100	0.066	+0.534
Genesis-21-6->Genesis-21-7	13.163600	-34dB	11.696200	11.951000	0.255	-1.213
Genesis-21-6->Genesis-21-7	13.163600	-34dB	12.982200	13.698200	0.716	+0.535
Genesis-21-6->Genesis-21-7	13.163600	-30dB	11.691600	11.951900	0.260	-1.212
Genesis-21-6->Genesis-21-7	13.163600	-30dB	12.060500	12.111600	0.051	-1.052
Genesis-21-6->Genesis-21-7	13.163600	-30dB	12.122300	12.177900	0.056	-0.986
Genesis-21-6->Genesis-21-7	13.163600	-30dB	12.453400	12.508800	0.055	-0.655
Genesis-21-6->Genesis-21-7	13.163600	-30dB	12.966100	13.708400	0.742	+0.545
Genesis-21-6->Genesis-21-7	13.163600	-26dB	11.665100	11.958700	0.294	-1.205
Genesis-21-6->Genesis-21-7	13.163600	-26dB	12.045400	12.249900	0.204	-0.914
Genesis-21-6->Genesis-21-7	13.163600	-26dB	12.442600	12.545900	0.103	-0.618
Genesis-21-6->Genesis-21-7	13.163600	-26dB	12.938900	13.708500	0.770	+0.545
Genesis-21-6->Genesis-21-7	13.163600	-26dB	13.935100	13.992100	0.057	+0.829
Genesis-21-6->Genesis-21-7	13.163600	-22dB	11.664200	11.986100	0.322	-1.178
Genesis-21-6->Genesis-21-7	13.163600	-22dB	12.023700	12.255100	0.231	-0.909
Genesis-21-6->Genesis-21-7	13.163600	-22dB	12.405500	12.546100	0.141	-0.618
Genesis-21-6->Genesis-21-7	13.163600	-22dB	12.907700	13.712600	0.805	+0.549
Genesis-21-6->Genesis-21-7	13.163600	-22dB	13.914400	14.020200	0.106	+0.857
Genesis-21-6->Genesis-21-7	13.163600	-20dB	11.649500	11.994200	0.345	-1.169
Genesis-21-6->Genesis-21-7	13.163600	-20dB	12.019300	12.260000	0.241	-0.904
Genesis-21-6->Genesis-21-7	13.163600	-20dB	12.405500	12.550800	0.145	-0.613
Genesis-21-6->Genesis-21-7	13.163600	-20dB	12.895500	13.712600	0.817	+0.549
Genesis-21-6->Genesis-21-7	13.163600	-20dB	13.909600	14.021300	0.112	+0.858
Genesis-21-6->Genesis-21-7	13.163600	-18dB	11.648200	12.260000	0.612	-0.904
Genesis-21-6->Genesis-21-7	13.163600	-18dB	12.400600	12.565700	0.165	-0.598
Genesis-21-6->Genesis-21-7	13.163600	-18dB	12.620300	12.697400	0.077	-0.466
Genesis-21-6->Genesis-21-7	13.163600	-18dB	12.866700	13.712700	0.846	+0.549
Genesis-21-6->Genesis-21-7	13.163600	-18dB	13.895900	14.024400	0.129	+0.861
Genesis-21-7->Genesis-21-8	23.026100	-38dB	22.685100	22.771700	0.087	-0.254
Genesis-21-7->Genesis-21-8	23.026100	-38dB	22.771800	22.810900	0.039	-0.215
Genesis-21-7->Genesis-21-8	23.026100	-38dB	22.810900	23.061100	0.250	+0.035
Genesis-21-7->Genesis-21-8	23.026100	-38dB	23.061200	23.227100	0.166	+0.201
Genesis-21-7->Genesis-21-8	23.026100	-34dB	21.925100	21.959300	0.034	-1.067
Genesis-21-7->Genesis-21-8	23.026100	-34dB	22.653900	23.234100	0.580	+0.208
Genesis-21-7->Genesis-21-8	23.026100	-30dB	21.863100	21.962400	0.099	-1.064
Genesis-21-7->Genesis-21-8	23.026100	-30dB	22.629600	23.235100	0.605	+0.209
Genesis-21-7->Genesis-21-8	23.026100	-26dB	21.572000	21.660400	0.088	-1.366
Genesis-21-7->Genesis-21-8	23.026100	-26dB	21.859500	21.966700	0.107	-1.059
Genesis-21-7->Genesis-21-8	23.026100	-26dB	22.610300	23.237900	0.628	+0.212
Genesis-21-7->Genesis-21-8	23.026100	-26dB	23.441300	23.499700	0.058	+0.474
Genesis-21-7->Genesis-21-8	23.026100	-26dB	24.475300	24.533900	0.059	+1.508
Genesis-21-7->Genesis-21-8	23.026100	-22dB	21.559000	21.664200	0.105	-1.362
Genesis-21-7->Genesis-21-8	23.026100	-22dB	21.741600	21.971800	0.230	-1.054
Genesis-21-7->Genesis-21-8	23.026100	-22dB	22.013300	22.089100	0.076	-0.937
Genesis-21-7->Genesis-21-8	23.026100	-22dB	22.582300	23.243200	0.661	+0.217
Genesis-21-7->Genesis-21-8	23.026100	-22dB	23.403800	23.505900	0.102	+0.480
Genesis-21-7->Genesis-21-8	23.026100	-22dB	24.439000	24.552700	0.114	+1.527
Genesis-21-7->Genesis-21-8	23.026100	-20dB	21.514800	21.669800	0.155	-1.356
Genesis-21-7->Genesis-21-8	23.026100	-20dB	21.736800	21.992700	0.256	-1.033
Genesis-21-7->Genesis-21-8	23.026100	-20dB	21.992800	22.090600	0.098	-0.936
Genesis-21-7->Genesis-21-8	23.026100	-20dB	22.563500	23.244400	0.681	+0.218
Genesis-21-7->Genesis-21-8	23.026100	-20dB	23.403800	23.506000	0.102	+0.480
Genesis-21-7->Genesis-21-8	23.026100	-20dB	24.433500	24.559200	0.126	+1.533
Genesis-21-7->Genesis-21-8	23.026100	-18dB	21.482100	21.680800	0.199	-1.345
Genesis-21-7->Genesis-21-8	23.026100	-18dB	21.731300	22.097000	0.366	-0.929
Genesis-21-7->Genesis-21-8	23.026100	-18dB	22.557200	23.244400	0.687	+0.218
Genesis-21-7->Genesis-21-8	23.026100	-18dB	23.388200	23.511700	0.123	+0.486
Genesis-21-7->Genesis-21-8	23.026100	-18dB	24.215400	24.249200	0.034	+1.223
Genesis-21-7->Genesis-21-8	23.026100	-18dB	24.424600	24.559600	0.135	+1.534
Genesis-21-8->Genesis-21-9	31.444300	-38dB	31.284400	31.336000	0.052	-0.108
Genesis-21-8->Genesis-21-9	31.444300	-38dB	31.371300	31.479300	0.108	+0.035
Genesis-21-8->Genesis-21-9	31.444300	-38dB	31.479500	31.566700	0.087	+0.122
Genesis-21-8->Genesis-21-9	31.444300	-38dB	31.682800	31.788500	0.106	+0.344
Genesis-21-8->Genesis-21-9	31.444300	-38dB	31.807300	31.943500	0.136	+0.499
Genesis-21-8->Genesis-21-9	31.444300	-34dB	31.241000	31.963800	0.723	+0.520
Genesis-21-8->Genesis-21-9	31.444300	-34dB	32.141600	32.177100	0.036	+0.733
Genesis-21-8->Genesis-21-9	31.444300	-30dB	30.657500	30.734900	0.077	-0.709
Genesis-21-8->Genesis-21-9	31.444300	-30dB	31.223000	31.968700	0.746	+0.524
Genesis-21-8->Genesis-21-9	31.444300	-30dB	32.131400	32.234000	0.103	+0.790
Genesis-21-8->Genesis-21-9	31.444300	-26dB	30.485400	30.545300	0.060	-0.899
Genesis-21-8->Genesis-21-9	31.444300	-26dB	30.617500	30.801300	0.184	-0.643
Genesis-21-8->Genesis-21-9	31.444300	-26dB	31.167100	31.970300	0.803	+0.526
Genesis-21-8->Genesis-21-9	31.444300	-26dB	32.096400	32.242000	0.146	+0.798
Genesis-21-8->Genesis-21-9	31.444300	-26dB	32.774900	32.879400	0.104	+1.435
Genesis-21-8->Genesis-21-9	31.444300	-22dB	30.451000	30.550800	0.100	-0.893
Genesis-21-8->Genesis-21-9	31.444300	-22dB	30.617100	30.816400	0.199	-0.628
Genesis-21-8->Genesis-21-9	31.444300	-22dB	31.161100	31.970400	0.809	+0.526
Genesis-21-8->Genesis-21-9	31.444300	-22dB	32.086600	32.248500	0.162	+0.804
Genesis-21-8->Genesis-21-9	31.444300	-22dB	32.750700	32.882400	0.132	+1.438
Genesis-21-8->Genesis-21-9	31.444300	-20dB	30.450400	30.595100	0.145	-0.849
Genesis-21-8->Genesis-21-9	31.444300	-20dB	30.600900	30.825900	0.225	-0.618
Genesis-21-8->Genesis-21-9	31.444300	-20dB	31.155100	31.970400	0.815	+0.526
Genesis-21-8->Genesis-21-9	31.444300	-20dB	32.078400	32.248900	0.170	+0.805
Genesis-21-8->Genesis-21-9	31.444300	-20dB	32.738500	32.882500	0.144	+1.438
Genesis-21-8->Genesis-21-9	31.444300	-18dB	30.046600	30.112100	0.066	-1.332
Genesis-21-8->Genesis-21-9	31.444300	-18dB	30.445100	30.825900	0.381	-0.618
Genesis-21-8->Genesis-21-9	31.444300	-18dB	31.155000	31.980000	0.825	+0.536
Genesis-21-8->Genesis-21-9	31.444300	-18dB	32.078300	32.249000	0.171	+0.805
Genesis-21-8->Genesis-21-9	31.444300	-18dB	32.732600	32.886500	0.154	+1.442
Genesis-21-9->Genesis-21-10	40.574000	-38dB	40.271500	40.609000	0.337	+0.035
Genesis-21-9->Genesis-21-10	40.574000	-38dB	40.609200	40.748400	0.139	+0.174
Genesis-21-9->Genesis-21-10	40.574000	-38dB	40.769000	40.813100	0.044	+0.239
Genesis-21-9->Genesis-21-10	40.574000	-38dB	40.823300	40.891200	0.068	+0.317
Genesis-21-9->Genesis-21-10	40.574000	-38dB	40.900800	40.932300	0.032	+0.358
Genesis-21-9->Genesis-21-10	40.574000	-38dB	40.950500	40.997300	0.047	+0.423
Genesis-21-9->Genesis-21-10	40.574000	-38dB	40.997300	41.045700	0.048	+0.472
Genesis-21-9->Genesis-21-10	40.574000	-38dB	41.046400	41.094400	0.048	+0.520
Genesis-21-9->Genesis-21-10	40.574000	-34dB	40.212200	41.102300	0.890	+0.528
Genesis-21-9->Genesis-21-10	40.574000	-30dB	39.476300	39.560300	0.084	-1.014
Genesis-21-9->Genesis-21-10	40.574000	-30dB	40.159600	41.105100	0.946	+0.531
Genesis-21-9->Genesis-21-10	40.574000	-26dB	39.319700	39.376500	0.057	-1.197
Genesis-21-9->Genesis-21-10	40.574000	-26dB	39.464400	39.588100	0.124	-0.986
Genesis-21-9->Genesis-21-10	40.574000	-26dB	39.712500	39.798000	0.086	-0.776
Genesis-21-9->Genesis-21-10	40.574000	-26dB	40.126500	41.110300	0.984	+0.536
Genesis-21-9->Genesis-21-10	40.574000	-26dB	41.887100	41.920700	0.034	+1.347
Genesis-21-9->Genesis-21-10	40.574000	-22dB	39.264400	39.301400	0.037	-1.273
Genesis-21-9->Genesis-21-10	40.574000	-22dB	39.304000	39.388100	0.084	-1.186
Genesis-21-9->Genesis-21-10	40.574000	-22dB	39.459200	39.590700	0.131	-0.983
Genesis-21-9->Genesis-21-10	40.574000	-22dB	39.681000	39.802600	0.122	-0.771
Genesis-21-9->Genesis-21-10	40.574000	-22dB	40.113500	41.110900	0.997	+0.537
Genesis-21-9->Genesis-21-10	40.574000	-22dB	41.282300	41.398700	0.116	+0.825
Genesis-21-9->Genesis-21-10	40.574000	-22dB	41.885600	41.921600	0.036	+1.348
Genesis-21-9->Genesis-21-10	40.574000	-20dB	39.231100	39.301500	0.070	-1.273
Genesis-21-9->Genesis-21-10	40.574000	-20dB	39.303100	39.424200	0.121	-1.150
Genesis-21-9->Genesis-21-10	40.574000	-20dB	39.452400	39.590800	0.138	-0.983
Genesis-21-9->Genesis-21-10	40.574000	-20dB	39.680800	39.807000	0.126	-0.767
Genesis-21-9->Genesis-21-10	40.574000	-20dB	40.107700	41.117900	1.010	+0.544
Genesis-21-9->Genesis-21-10	40.574000	-20dB	41.277100	41.398700	0.122	+0.825
Genesis-21-9->Genesis-21-10	40.574000	-20dB	41.786600	41.819200	0.033	+1.245
Genesis-21-9->Genesis-21-10	40.574000	-20dB	41.885000	41.928800	0.044	+1.355
Genesis-21-9->Genesis-21-10	40.574000	-18dB	39.222100	39.425400	0.203	-1.149
Genesis-21-9->Genesis-21-10	40.574000	-18dB	39.446400	39.590900	0.145	-0.983
Genesis-21-9->Genesis-21-10	40.574000	-18dB	39.675600	39.811900	0.136	-0.762
Genesis-21-9->Genesis-21-10	40.574000	-18dB	40.104700	41.117900	1.013	+0.544
Genesis-21-9->Genesis-21-10	40.574000	-18dB	41.271000	41.403300	0.132	+0.829
Genesis-21-9->Genesis-21-10	40.574000	-18dB	41.786500	41.824300	0.038	+1.250
Genesis-21-9->Genesis-21-10	40.574000	-18dB	41.863900	41.934500	0.071	+1.361
Genesis-21-10->Genesis-21-11	52.048000	-38dB	51.618500	52.083000	0.465	+0.035
Genesis-21-10->Genesis-21-11	52.048000	-38dB	52.104600	52.168900	0.064	+0.121
Genesis-21-10->Genesis-21-11	52.048000	-38dB	52.168900	52.236700	0.068	+0.189
Genesis-21-10->Genesis-21-11	52.048000	-38dB	52.236800	52.318000	0.081	+0.270
Genesis-21-10->Genesis-21-11	52.048000	-38dB	52.343600	52.383600	0.040	+0.336
Genesis-21-10->Genesis-21-11	52.048000	-34dB	50.532600	50.580800	0.048	-1.467
Genesis-21-10->Genesis-21-11	52.048000	-34dB	51.531900	52.390200	0.858	+0.342
Genesis-21-10->Genesis-21-11	52.048000	-30dB	50.528800	50.582600	0.054	-1.465
Genesis-21-10->Genesis-21-11	52.048000	-30dB	50.970500	51.003900	0.033	-1.044
Genesis-21-10->Genesis-21-11	52.048000	-30dB	51.482700	52.391300	0.909	+0.343
Genesis-21-10->Genesis-21-11	52.048000	-26dB	50.509700	50.600700	0.091	-1.447
Genesis-21-10->Genesis-21-11	52.048000	-26dB	50.942000	51.014800	0.073	-1.033
Genesis-21-10->Genesis-21-11	52.048000	-26dB	51.031400	51.078800	0.047	-0.969
Genesis-21-10->Genesis-21-11	52.048000	-26dB	51.454900	52.404500	0.950	+0.356
Genesis-21-10->Genesis-21-11	52.048000	-22dB	50.504100	50.612400	0.108	-1.436
Genesis-21-10->Genesis-21-11	52.048000	-22dB	50.729500	50.792100	0.063	-1.256
Genesis-21-10->Genesis-21-11	52.048000	-22dB	50.899100	51.085400	0.186	-0.963
Genesis-21-10->Genesis-21-11	52.048000	-22dB	51.442200	52.442600	1.000	+0.395
Genesis-21-10->Genesis-21-11	52.048000	-20dB	50.479300	50.618100	0.139	-1.430
Genesis-21-10->Genesis-21-11	52.048000	-20dB	50.716800	50.802800	0.086	-1.245
Genesis-21-10->Genesis-21-11	52.048000	-20dB	50.889600	51.085700	0.196	-0.962
Genesis-21-10->Genesis-21-11	52.048000	-20dB	51.439200	52.442700	1.004	+0.395
Genesis-21-10->Genesis-21-11	52.048000	-20dB	53.311800	53.346400	0.035	+1.298
Genesis-21-10->Genesis-21-11	52.048000	-18dB	50.469600	50.623600	0.154	-1.424
Genesis-21-10->Genesis-21-11	52.048000	-18dB	50.711300	50.809500	0.098	-1.239
Genesis-21-10->Genesis-21-11	52.048000	-18dB	50.883000	51.085800	0.203	-0.962
Genesis-21-10->Genesis-21-11	52.048000	-18dB	51.427500	52.442900	1.015	+0.395
Genesis-21-10->Genesis-21-11	52.048000	-18dB	53.125400	53.177000	0.052	+1.129
Genesis-21-10->Genesis-21-11	52.048000	-18dB	53.311700	53.352300	0.041	+1.304
Genesis-21-11->Genesis-21-12	59.065600	-38dB	58.924100	59.100600	0.176	+0.035
Genesis-21-11->Genesis-21-12	59.065600	-38dB	59.100800	59.227600	0.127	+0.162
Genesis-21-11->Genesis-21-12	59.065600	-38dB	59.227700	59.430800	0.203	+0.365
Genesis-21-11->Genesis-21-12	59.065600	-38dB	59.442700	59.667600	0.225	+0.602
Genesis-21-11->Genesis-21-12	59.065600	-34dB	58.886000	59.688300	0.802	+0.623
Genesis-21-11->Genesis-21-12	59.065600	-30dB	58.111500	58.166100	0.055	-0.900
Genesis-21-11->Genesis-21-12	59.065600	-30dB	58.860400	59.692300	0.832	+0.627
Genesis-21-11->Genesis-21-12	59.065600	-26dB	58.094200	58.170700	0.076	-0.895
Genesis-21-11->Genesis-21-12	59.065600	-26dB	58.839400	59.692400	0.853	+0.627
Genesis-21-11->Genesis-21-12	59.065600	-22dB	57.778900	57.840600	0.062	-1.225
Genesis-21-11->Genesis-21-12	59.065600	-22dB	58.064000	58.175500	0.111	-0.890
Genesis-21-11->Genesis-21-12	59.065600	-22dB	58.820700	59.699500	0.879	+0.634
Genesis-21-11->Genesis-21-12	59.065600	-20dB	57.778800	57.840700	0.062	-1.225
Genesis-21-11->Genesis-21-12	59.065600	-20dB	58.055100	58.175500	0.120	-0.890
Genesis-21-11->Genesis-21-12	59.065600	-20dB	58.235800	58.276500	0.041	-0.789
Genesis-21-11->Genesis-21-12	59.065600	-20dB	58.808500	59.699500	0.891	+0.634
Genesis-21-11->Genesis-21-12	59.065600	-18dB	57.769000	57.853600	0.085	-1.212
Genesis-21-11->Genesis-21-12	59.065600	-18dB	58.055100	58.175600	0.120	-0.890
Genesis-21-11->Genesis-21-12	59.065600	-18dB	58.230400	58.296000	0.066	-0.770
Genesis-21-11->Genesis-21-12	59.065600	-18dB	58.787000	59.699600	0.913	+0.634
Genesis-21-11->Genesis-21-12	59.065600	-18dB	59.784800	59.848300	0.064	+0.783
Genesis-21-12->Genesis-21-13	77.975400	-38dB	77.854300	78.010400	0.156	+0.035
Genesis-21-12->Genesis-21-13	77.975400	-38dB	78.010500	78.069900	0.059	+0.095
Genesis-21-12->Genesis-21-13	77.975400	-38dB	78.078500	78.485200	0.407	+0.510
Genesis-21-12->Genesis-21-13	77.975400	-38dB	78.485300	78.967800	0.483	+0.992
Genesis-21-12->Genesis-21-13	77.975400	-38dB	79.006600	79.065400	0.059	+1.090
Genesis-21-12->Genesis-21-13	77.975400	-38dB	79.068500	79.416100	0.348	+1.441
Genesis-21-12->Genesis-21-13	77.975400	-38dB	79.416300	79.498600	0.082	+1.523
Genesis-21-12->Genesis-21-13	77.975400	-34dB	77.778000	79.509000	1.731	+1.534
Genesis-21-12->Genesis-21-13	77.975400	-30dB	77.761900	79.520900	1.759	+1.546
Genesis-21-12->Genesis-21-13	77.975400	-26dB	77.117400	77.175300	0.058	-0.800
Genesis-21-12->Genesis-21-13	77.975400	-26dB	77.718500	79.528600	1.810	+1.553
Genesis-21-12->Genesis-21-13	77.975400	-22dB	76.693800	76.792400	0.099	-1.183
Genesis-21-12->Genesis-21-13	77.975400	-22dB	77.074400	77.182300	0.108	-0.793
Genesis-21-12->Genesis-21-13	77.975400	-22dB	77.704100	79.537700	1.834	+1.562
Genesis-21-12->Genesis-21-13	77.975400	-20dB	76.683100	76.798900	0.116	-1.176
Genesis-21-12->Genesis-21-13	77.975400	-20dB	77.068800	77.182400	0.114	-0.793
Genesis-21-12->Genesis-21-13	77.975400	-20dB	77.682600	79.539700	1.857	+1.564
Genesis-21-12->Genesis-21-13	77.975400	-18dB	76.674300	76.816400	0.142	-1.159
Genesis-21-12->Genesis-21-13	77.975400	-18dB	77.068700	77.191600	0.123	-0.784
Genesis-21-12->Genesis-21-13	77.975400	-18dB	77.674300	79.546600	1.872	+1.571
Genesis-21-13->Genesis-21-14	84.382500	-42dB	84.254200	84.354900	0.101	-0.028
Genesis-21-13->Genesis-21-14	84.382500	-38dB	84.099500	84.157300	0.058	-0.225
Genesis-21-13->Genesis-21-14	84.382500	-38dB	84.175400	84.417500	0.242	+0.035
Genesis-21-13->Genesis-21-14	84.382500	-38dB	84.498000	84.550000	0.052	+0.168
Genesis-21-13->Genesis-21-14	84.382500	-38dB	84.550100	84.581400	0.031	+0.199
Genesis-21-13->Genesis-21-14	84.382500	-38dB	84.624400	84.674700	0.050	+0.292
Genesis-21-13->Genesis-21-14	84.382500	-38dB	84.752400	84.784800	0.032	+0.402
Genesis-21-13->Genesis-21-14	84.382500	-38dB	84.794800	84.829800	0.035	+0.447
Genesis-21-13->Genesis-21-14	84.382500	-38dB	84.829900	84.937400	0.108	+0.555
Genesis-21-13->Genesis-21-14	84.382500	-38dB	84.965500	85.022200	0.057	+0.640
Genesis-21-13->Genesis-21-14	84.382500	-38dB	85.026000	85.169900	0.144	+0.787
Genesis-21-13->Genesis-21-14	84.382500	-38dB	85.170100	85.230000	0.060	+0.848
Genesis-21-13->Genesis-21-14	84.382500	-38dB	85.237600	85.384000	0.146	+1.002
Genesis-21-13->Genesis-21-14	84.382500	-38dB	85.384000	85.430900	0.047	+1.048
Genesis-21-13->Genesis-21-14	84.382500	-38dB	85.441000	85.491300	0.050	+1.109
Genesis-21-13->Genesis-21-14	84.382500	-38dB	85.519700	85.550600	0.031	+1.168
Genesis-21-13->Genesis-21-14	84.382500	-38dB	85.663700	85.710600	0.047	+1.328
Genesis-21-13->Genesis-21-14	84.382500	-38dB	85.856900	85.888000	0.031	+1.506
Genesis-21-13->Genesis-21-14	84.382500	-34dB	84.095900	86.369300	2.273	+1.987
Genesis-21-13->Genesis-21-14	84.382500	-30dB	84.070100	86.371100	2.301	+1.989
Genesis-21-13->Genesis-21-14	84.382500	-26dB	83.123300	83.178300	0.055	-1.204
Genesis-21-13->Genesis-21-14	84.382500	-26dB	83.535000	83.592200	0.057	-0.790
Genesis-21-13->Genesis-21-14	84.382500	-26dB	84.045400	86.377800	2.332	+1.995
Genesis-21-13->Genesis-21-14	84.382500	-22dB	83.112400	83.195100	0.083	-1.187
Genesis-21-13->Genesis-21-14	84.382500	-22dB	83.498900	83.607500	0.109	-0.775
Genesis-21-13->Genesis-21-14	84.382500	-22dB	84.020300	86.378500	2.358	+1.996
Genesis-21-13->Genesis-21-14	84.382500	-20dB	83.088800	83.201900	0.113	-1.181
Genesis-21-13->Genesis-21-14	84.382500	-20dB	83.493500	83.612600	0.119	-0.770
Genesis-21-13->Genesis-21-14	84.382500	-20dB	84.009200	86.385500	2.376	+2.003
Genesis-21-13->Genesis-21-14	84.382500	-18dB	83.088800	83.211200	0.122	-1.171
Genesis-21-13->Genesis-21-14	84.382500	-18dB	83.485600	83.622300	0.137	-0.760
Genesis-21-13->Genesis-21-14	84.382500	-18dB	84.002900	86.391500	2.389	+2.009
Genesis-21-14->Genesis-21-15	112.267000	-38dB	111.983000	112.019000	0.036	-0.248
Genesis-21-14->Genesis-21-15	112.267000	-34dB	111.786000	112.302000	0.516	+0.035
Genesis-21-14->Genesis-21-15	112.267000	-30dB	111.735000	112.318000	0.583	+0.051
Genesis-21-14->Genesis-21-15	112.267000	-30dB	113.446000	113.487000	0.041	+1.220
Genesis-21-14->Genesis-21-15	112.267000	-26dB	111.114000	111.144000	0.030	-1.123
Genesis-21-14->Genesis-21-15	112.267000	-26dB	111.145000	111.188000	0.043	-1.079
Genesis-21-14->Genesis-21-15	112.267000	-26dB	111.704000	112.319000	0.615	+0.052
Genesis-21-14->Genesis-21-15	112.267000	-26dB	113.423000	113.504000	0.081	+1.237
Genesis-21-14->Genesis-21-15	112.267000	-22dB	110.799000	110.836000	0.037	-1.431
Genesis-21-14->Genesis-21-15	112.267000	-22dB	111.025000	111.056000	0.031	-1.211
Genesis-21-14->Genesis-21-15	112.267000	-22dB	111.056000	111.188000	0.132	-1.079
Genesis-21-14->Genesis-21-15	112.267000	-22dB	111.382000	111.416000	0.034	-0.851
Genesis-21-14->Genesis-21-15	112.267000	-22dB	111.685000	112.319000	0.634	+0.052
Genesis-21-14->Genesis-21-15	112.267000	-22dB	112.504000	112.634000	0.130	+0.367
Genesis-21-14->Genesis-21-15	112.267000	-22dB	112.969000	113.004000	0.035	+0.737
Genesis-21-14->Genesis-21-15	112.267000	-22dB	113.390000	113.512000	0.122	+1.245
Genesis-21-14->Genesis-21-15	112.267000	-20dB	110.786000	110.839000	0.053	-1.428
Genesis-21-14->Genesis-21-15	112.267000	-20dB	111.014000	111.189000	0.175	-1.078
Genesis-21-14->Genesis-21-15	112.267000	-20dB	111.369000	111.423000	0.054	-0.844
Genesis-21-14->Genesis-21-15	112.267000	-20dB	111.676000	112.320000	0.644	+0.053
Genesis-21-14->Genesis-21-15	112.267000	-20dB	112.497000	112.672000	0.175	+0.405
Genesis-21-14->Genesis-21-15	112.267000	-20dB	112.954000	113.010000	0.056	+0.743
Genesis-21-14->Genesis-21-15	112.267000	-20dB	113.365000	113.539000	0.174	+1.272
Genesis-21-14->Genesis-21-15	112.267000	-18dB	110.781000	110.852000	0.071	-1.415
Genesis-21-14->Genesis-21-15	112.267000	-18dB	111.008000	111.191000	0.183	-1.076
Genesis-21-14->Genesis-21-15	112.267000	-18dB	111.368000	111.423000	0.055	-0.844
Genesis-21-14->Genesis-21-15	112.267000	-18dB	111.665000	112.321000	0.656	+0.054
Genesis-21-14->Genesis-21-15	112.267000	-18dB	112.483000	112.672000	0.189	+0.405
Genesis-21-14->Genesis-21-15	112.267000	-18dB	112.947000	113.030000	0.083	+0.763
Genesis-21-14->Genesis-21-15	112.267000	-18dB	113.342000	113.558000	0.216	+1.291
Genesis-21-15->Genesis-21-16	119.381000	-38dB	118.747000	118.796000	0.049	-0.585
Genesis-21-15->Genesis-21-16	119.381000	-38dB	119.116000	119.151000	0.035	-0.230
Genesis-21-15->Genesis-21-16	119.381000	-34dB	118.674000	119.416000	0.742	+0.035
Genesis-21-15->Genesis-21-16	119.381000	-30dB	118.661000	119.428000	0.767	+0.047
Genesis-21-15->Genesis-21-16	119.381000	-26dB	117.877000	117.975000	0.098	-1.406
Genesis-21-15->Genesis-21-16	119.381000	-26dB	118.045000	118.165000	0.120	-1.216
Genesis-21-15->Genesis-21-16	119.381000	-26dB	118.622000	119.428000	0.806	+0.047
Genesis-21-15->Genesis-21-16	119.381000	-26dB	119.633000	119.730000	0.097	+0.349
Genesis-21-15->Genesis-21-16	119.381000	-22dB	117.832000	117.980000	0.148	-1.401
Genesis-21-15->Genesis-21-16	119.381000	-22dB	118.035000	118.169000	0.134	-1.212
Genesis-21-15->Genesis-21-16	119.381000	-22dB	118.597000	119.434000	0.837	+0.053
Genesis-21-15->Genesis-21-16	119.381000	-22dB	119.609000	119.732000	0.123	+0.351
Genesis-21-15->Genesis-21-16	119.381000	-22dB	120.815000	120.859000	0.044	+1.478
Genesis-21-15->Genesis-21-16	119.381000	-22dB	120.868000	120.908000	0.040	+1.527
Genesis-21-15->Genesis-21-16	119.381000	-20dB	117.831000	118.008000	0.177	-1.373
Genesis-21-15->Genesis-21-16	119.381000	-20dB	118.019000	118.173000	0.154	-1.208
Genesis-21-15->Genesis-21-16	119.381000	-20dB	118.579000	119.435000	0.856	+0.054
Genesis-21-15->Genesis-21-16	119.381000	-20dB	119.594000	119.733000	0.139	+0.352
Genesis-21-15->Genesis-21-16	119.381000	-20dB	120.808000	120.867000	0.059	+1.486
Genesis-21-15->Genesis-21-16	119.381000	-20dB	120.868000	120.908000	0.040	+1.527
Genesis-21-15->Genesis-21-16	119.381000	-18dB	117.816000	118.182000	0.366	-1.199
Genesis-21-15->Genesis-21-16	119.381000	-18dB	118.485000	119.443000	0.958	+0.062
Genesis-21-15->Genesis-21-16	119.381000	-18dB	119.590000	119.738000	0.148	+0.357
Genesis-21-15->Genesis-21-16	119.381000	-18dB	120.795000	120.916000	0.121	+1.535
Genesis-21-16->Genesis-21-17	136.411000	-38dB	136.615000	136.646000	0.031	+0.235
Genesis-21-16->Genesis-21-17	136.411000	-38dB	136.745000	136.781000	0.036	+0.370
Genesis-21-16->Genesis-21-17	136.411000	-38dB	136.993000	137.023000	0.030	+0.612
Genesis-21-16->Genesis-21-17	136.411000	-34dB	136.340000	136.446000	0.106	+0.035
Genesis-21-16->Genesis-21-17	136.411000	-34dB	136.477000	137.451000	0.974	+1.040
Genesis-21-16->Genesis-21-17	136.411000	-30dB	135.118000	135.163000	0.045	-1.248
Genesis-21-16->Genesis-21-17	136.411000	-30dB	135.913000	135.990000	0.077	-0.421
Genesis-21-16->Genesis-21-17	136.411000	-30dB	136.338000	137.453000	1.115	+1.042
Genesis-21-16->Genesis-21-17	136.411000	-26dB	135.102000	135.206000	0.104	-1.205
Genesis-21-16->Genesis-21-17	136.411000	-26dB	135.728000	135.768000	0.040	-0.643
Genesis-21-16->Genesis-21-17	136.411000	-26dB	135.888000	135.992000	0.104	-0.419
Genesis-21-16->Genesis-21-17	136.411000	-26dB	136.311000	137.457000	1.146	+1.046
Genesis-21-16->Genesis-21-17	136.411000	-22dB	135.078000	135.211000	0.133	-1.200
Genesis-21-16->Genesis-21-17	136.411000	-22dB	135.332000	135.393000	0.061	-1.018
Genesis-21-16->Genesis-21-17	136.411000	-22dB	135.688000	135.773000	0.085	-0.638
Genesis-21-16->Genesis-21-17	136.411000	-22dB	135.876000	135.995000	0.119	-0.416
Genesis-21-16->Genesis-21-17	136.411000	-22dB	136.277000	137.470000	1.193	+1.059
Genesis-21-16->Genesis-21-17	136.411000	-22dB	137.764000	137.830000	0.066	+1.419
Genesis-21-16->Genesis-21-17	136.411000	-20dB	135.060000	135.211000	0.151	-1.200
Genesis-21-16->Genesis-21-17	136.411000	-20dB	135.321000	135.398000	0.077	-1.013
Genesis-21-16->Genesis-21-17	136.411000	-20dB	135.679000	135.773000	0.094	-0.638
Genesis-21-16->Genesis-21-17	136.411000	-20dB	135.859000	135.999000	0.140	-0.412
Genesis-21-16->Genesis-21-17	136.411000	-20dB	136.272000	137.470000	1.198	+1.059
Genesis-21-16->Genesis-21-17	136.411000	-20dB	137.747000	137.840000	0.093	+1.429
Genesis-21-16->Genesis-21-17	136.411000	-18dB	135.059000	135.232000	0.173	-1.179
Genesis-21-16->Genesis-21-17	136.411000	-18dB	135.321000	135.407000	0.086	-1.004
Genesis-21-16->Genesis-21-17	136.411000	-18dB	135.664000	135.773000	0.109	-0.638
Genesis-21-16->Genesis-21-17	136.411000	-18dB	135.858000	136.027000	0.169	-0.384
Genesis-21-16->Genesis-21-17	136.411000	-18dB	136.270000	137.473000	1.203	+1.062
Genesis-21-16->Genesis-21-17	136.411000	-18dB	137.664000	137.878000	0.214	+1.467
Genesis-21-17->Genesis-21-18	158.494000	-34dB	157.915000	158.529000	0.614	+0.035
Genesis-21-17->Genesis-21-18	158.494000	-34dB	159.265000	159.304000	0.039	+0.810
Genesis-21-17->Genesis-21-18	158.494000	-30dB	157.864000	158.531000	0.667	+0.037
Genesis-21-17->Genesis-21-18	158.494000	-30dB	159.213000	159.313000	0.100	+0.819
Genesis-21-17->Genesis-21-18	158.494000	-30dB	159.316000	159.458000	0.142	+0.964
Genesis-21-17->Genesis-21-18	158.494000	-26dB	157.284000	157.372000	0.088	-1.122
Genesis-21-17->Genesis-21-18	158.494000	-26dB	157.839000	158.571000	0.732	+0.077
Genesis-21-17->Genesis-21-18	158.494000	-26dB	159.210000	159.459000	0.249	+0.965
Genesis-21-17->Genesis-21-18	158.494000	-26dB	159.964000	160.002000	0.038	+1.508
Genesis-21-17->Genesis-21-18	158.494000	-22dB	157.058000	157.144000	0.086	-1.350
Genesis-21-17->Genesis-21-18	158.494000	-22dB	157.203000	157.374000	0.171	-1.120
Genesis-21-17->Genesis-21-18	158.494000	-22dB	157.817000	158.575000	0.758	+0.081
Genesis-21-17->Genesis-21-18	158.494000	-22dB	159.175000	159.462000	0.287	+0.968
Genesis-21-17->Genesis-21-18	158.494000	-22dB	159.933000	160.005000	0.072	+1.511
Genesis-21-17->Genesis-21-18	158.494000	-20dB	157.053000	157.378000	0.325	-1.116
Genesis-21-17->Genesis-21-18	158.494000	-20dB	157.805000	158.579000	0.774	+0.085
Genesis-21-17->Genesis-21-18	158.494000	-20dB	159.168000	159.463000	0.295	+0.969
Genesis-21-17->Genesis-21-18	158.494000	-20dB	159.918000	160.009000	0.091	+1.515
Genesis-21-17->Genesis-21-18	158.494000	-18dB	157.037000	157.378000	0.341	-1.116
Genesis-21-17->Genesis-21-18	158.494000	-18dB	157.739000	157.775000	0.036	-0.719
Genesis-21-17->Genesis-21-18	158.494000	-18dB	157.787000	158.580000	0.793	+0.086
Genesis-21-17->Genesis-21-18	158.494000	-18dB	159.168000	159.472000	0.304	+0.978
Genesis-21-17->Genesis-21-18	158.494000	-18dB	159.555000	159.589000	0.034	+1.095
Genesis-21-17->Genesis-21-18	158.494000	-18dB	159.912000	160.016000	0.104	+1.522
Genesis-21-18->Genesis-21-19	165.892000	-38dB	165.793000	165.836000	0.043	-0.056
Genesis-21-18->Genesis-21-19	165.892000	-38dB	165.851000	165.886000	0.035	-0.006
Genesis-21-18->Genesis-21-19	165.892000	-34dB	165.431000	165.927000	0.496	+0.035
Genesis-21-18->Genesis-21-19	165.892000	-30dB	164.554000	164.618000	0.064	-1.274
Genesis-21-18->Genesis-21-19	165.892000	-30dB	164.618000	164.668000	0.050	-1.224
Genesis-21-18->Genesis-21-19	165.892000	-30dB	165.403000	165.927000	0.524	+0.035
Genesis-21-18->Genesis-21-19	165.892000	-30dB	166.265000	166.321000	0.056	+0.429
Genesis-21-18->Genesis-21-19	165.892000	-26dB	164.553000	164.673000	0.120	-1.219
Genesis-21-18->Genesis-21-19	165.892000	-26dB	165.386000	165.927000	0.541	+0.035
Genesis-21-18->Genesis-21-19	165.892000	-26dB	166.250000	166.360000	0.110	+0.468
Genesis-21-18->Genesis-21-19	165.892000	-26dB	166.642000	166.681000	0.039	+0.789
Genesis-21-18->Genesis-21-19	165.892000	-22dB	164.507000	164.689000	0.182	-1.203
Genesis-21-18->Genesis-21-19	165.892000	-22dB	164.771000	164.823000	0.052	-1.069
Genesis-21-18->Genesis-21-19	165.892000	-22dB	165.342000	165.934000	0.592	+0.042
Genesis-21-18->Genesis-21-19	165.892000	-22dB	166.246000	166.365000	0.119	+0.473
Genesis-21-18->Genesis-21-19	165.892000	-22dB	166.618000	166.718000	0.100	+0.826
Genesis-21-18->Genesis-21-19	165.892000	-22dB	166.912000	166.949000	0.037	+1.057
Genesis-21-18->Genesis-21-19	165.892000	-20dB	164.499000	164.690000	0.191	-1.202
Genesis-21-18->Genesis-21-19	165.892000	-20dB	164.718000	164.766000	0.048	-1.126
Genesis-21-18->Genesis-21-19	165.892000	-20dB	164.766000	164.852000	0.086	-1.040
Genesis-21-18->Genesis-21-19	165.892000	-20dB	165.342000	165.938000	0.596	+0.046
Genesis-21-18->Genesis-21-19	165.892000	-20dB	166.217000	166.365000	0.148	+0.473
Genesis-21-18->Genesis-21-19	165.892000	-20dB	166.594000	166.718000	0.124	+0.826
Genesis-21-18->Genesis-21-19	165.892000	-20dB	166.887000	166.955000	0.068	+1.063
Genesis-21-18->Genesis-21-19	165.892000	-20dB	167.153000	167.206000	0.053	+1.314
Genesis-21-18->Genesis-21-19	165.892000	-18dB	164.364000	164.394000	0.030	-1.498
Genesis-21-18->Genesis-21-19	165.892000	-18dB	164.491000	164.695000	0.204	-1.197
Genesis-21-18->Genesis-21-19	165.892000	-18dB	164.711000	164.857000	0.146	-1.035
Genesis-21-18->Genesis-21-19	165.892000	-18dB	164.999000	165.062000	0.063	-0.830
Genesis-21-18->Genesis-21-19	165.892000	-18dB	165.318000	165.940000	0.622	+0.048
Genesis-21-18->Genesis-21-19	165.892000	-18dB	166.217000	166.368000	0.151	+0.476
Genesis-21-18->Genesis-21-19	165.892000	-18dB	166.593000	166.727000	0.134	+0.835
Genesis-21-18->Genesis-21-19	165.892000	-18dB	166.876000	166.985000	0.109	+1.093
Genesis-21-18->Genesis-21-19	165.892000	-18dB	167.124000	167.251000	0.127	+1.359
Genesis-21-18->Genesis-21-19	165.892000	-18dB	167.319000	167.354000	0.035	+1.462
Genesis-21-19->Genesis-21-20	178.215000	-34dB	177.613000	178.250000	0.637	+0.035
Genesis-21-19->Genesis-21-20	178.215000	-30dB	176.786000	176.825000	0.039	-1.390
Genesis-21-19->Genesis-21-20	178.215000	-30dB	177.591000	178.265000	0.674	+0.050
Genesis-21-19->Genesis-21-20	178.215000	-26dB	176.743000	176.825000	0.082	-1.390
Genesis-21-19->Genesis-21-20	178.215000	-26dB	177.570000	178.274000	0.704	+0.059
Genesis-21-19->Genesis-21-20	178.215000	-22dB	176.720000	176.830000	0.110	-1.385
Genesis-21-19->Genesis-21-20	178.215000	-22dB	176.933000	176.995000	0.062	-1.220
Genesis-21-19->Genesis-21-20	178.215000	-22dB	177.558000	178.314000	0.756	+0.099
Genesis-21-19->Genesis-21-20	178.215000	-22dB	179.706000	179.737000	0.031	+1.522
Genesis-21-19->Genesis-21-20	178.215000	-20dB	176.715000	176.830000	0.115	-1.385
Genesis-21-19->Genesis-21-20	178.215000	-20dB	176.929000	177.014000	0.085	-1.201
Genesis-21-19->Genesis-21-20	178.215000	-20dB	177.530000	178.321000	0.791	+0.106
Genesis-21-19->Genesis-21-20	178.215000	-20dB	179.284000	179.332000	0.048	+1.117
Genesis-21-19->Genesis-21-20	178.215000	-20dB	179.706000	179.815000	0.109	+1.600
Genesis-21-19->Genesis-21-20	178.215000	-18dB	176.715000	176.833000	0.118	-1.382
Genesis-21-19->Genesis-21-20	178.215000	-18dB	176.928000	177.017000	0.089	-1.198
Genesis-21-19->Genesis-21-20	178.215000	-18dB	177.524000	178.321000	0.797	+0.106
Genesis-21-19->Genesis-21-20	178.215000	-18dB	179.277000	179.356000	0.079	+1.141
Genesis-21-19->Genesis-21-20	178.215000	-18dB	179.700000	179.815000	0.115	+1.600
Genesis-21-20->Genesis-21-21	187.516000	-38dB	186.945000	186.995000	0.050	-0.521
Genesis-21-20->Genesis-21-21	187.516000	-38dB	187.017000	187.060000	0.043	-0.456
Genesis-21-20->Genesis-21-21	187.516000	-38dB	187.149000	187.197000	0.048	-0.319
Genesis-21-20->Genesis-21-21	187.516000	-38dB	187.273000	187.303000	0.030	-0.213
Genesis-21-20->Genesis-21-21	187.516000	-38dB	187.498000	187.540000	0.042	+0.024
Genesis-21-20->Genesis-21-21	187.516000	-34dB	186.826000	187.551000	0.725	+0.035
Genesis-21-20->Genesis-21-21	187.516000	-30dB	186.065000	186.103000	0.038	-1.413
Genesis-21-20->Genesis-21-21	187.516000	-30dB	186.744000	187.555000	0.811	+0.039
Genesis-21-20->Genesis-21-21	187.516000	-30dB	188.963000	189.018000	0.055	+1.502
Genesis-21-20->Genesis-21-21	187.516000	-26dB	186.036000	186.106000	0.070	-1.410
Genesis-21-20->Genesis-21-21	187.516000	-26dB	186.112000	186.150000	0.038	-1.366
Genesis-21-20->Genesis-21-21	187.516000	-26dB	186.728000	187.581000	0.853	+0.065
Genesis-21-20->Genesis-21-21	187.516000	-26dB	188.609000	188.665000	0.056	+1.149
Genesis-21-20->Genesis-21-21	187.516000	-26dB	188.948000	189.024000	0.076	+1.508
Genesis-21-20->Genesis-21-21	187.516000	-22dB	186.013000	186.156000	0.143	-1.360
Genesis-21-20->Genesis-21-21	187.516000	-22dB	186.230000	186.319000	0.089	-1.197
Genesis-21-20->Genesis-21-21	187.516000	-22dB	186.319000	186.377000	0.058	-1.139
Genesis-21-20->Genesis-21-21	187.516000	-22dB	186.703000	187.594000	0.891	+0.078
Genesis-21-20->Genesis-21-21	187.516000	-22dB	187.967000	188.083000	0.116	+0.567
Genesis-21-20->Genesis-21-21	187.516000	-22dB	188.271000	188.337000	0.066	+0.821
Genesis-21-20->Genesis-21-21	187.516000	-22dB	188.567000	188.668000	0.101	+1.152
Genesis-21-20->Genesis-21-21	187.516000	-22dB	188.918000	189.027000	0.109	+1.511
Genesis-21-20->Genesis-21-21	187.516000	-20dB	186.002000	186.161000	0.159	-1.355
Genesis-21-20->Genesis-21-21	187.516000	-20dB	186.217000	186.377000	0.160	-1.139
Genesis-21-20->Genesis-21-21	187.516000	-20dB	186.692000	187.594000	0.902	+0.078
Genesis-21-20->Genesis-21-21	187.516000	-20dB	187.964000	188.087000	0.123	+0.571
Genesis-21-20->Genesis-21-21	187.516000	-20dB	188.250000	188.343000	0.093	+0.827
Genesis-21-20->Genesis-21-21	187.516000	-20dB	188.449000	188.502000	0.053	+0.986
Genesis-21-20->Genesis-21-21	187.516000	-20dB	188.563000	188.670000	0.107	+1.154
Genesis-21-20->Genesis-21-21	187.516000	-20dB	188.915000	189.028000	0.113	+1.512
Genesis-21-20->Genesis-21-21	187.516000	-18dB	186.002000	186.161000	0.159	-1.355
Genesis-21-20->Genesis-21-21	187.516000	-18dB	186.215000	186.381000	0.166	-1.135
Genesis-21-20->Genesis-21-21	187.516000	-18dB	186.682000	187.594000	0.912	+0.078
Genesis-21-20->Genesis-21-21	187.516000	-18dB	187.738000	187.801000	0.063	+0.285
Genesis-21-20->Genesis-21-21	187.516000	-18dB	187.951000	188.088000	0.137	+0.572
Genesis-21-20->Genesis-21-21	187.516000	-18dB	188.231000	188.363000	0.132	+0.847
Genesis-21-20->Genesis-21-21	187.516000	-18dB	188.426000	188.507000	0.081	+0.991
Genesis-21-20->Genesis-21-21	187.516000	-18dB	188.562000	188.670000	0.108	+1.154
Genesis-21-20->Genesis-21-21	187.516000	-18dB	188.906000	189.040000	0.134	+1.524
