after_verse	nominal	candidate_time	dbfs30ms	distance	nearby_label_index	label_ref	label_word	label_text
17	219.726483	218.476483	-58.065	-1.250000	253	Genesis-14-17	20	הַ/מֶּֽלֶךְ׃
17	219.726483	218.181483	-57.989	-1.545000	253	Genesis-14-17	20	הַ/מֶּֽלֶךְ׃
17	219.726483	219.011483	-57.964	-0.715000	254	Genesis-14-18	1	וּ/מַלְכִּי־
17	219.726483	218.781483	-57.908	-0.945000	254	Genesis-14-18	1	וּ/מַלְכִּי־
17	219.726483	218.201483	-57.875	-1.525000	253	Genesis-14-17	20	הַ/מֶּֽלֶךְ׃
17	219.726483	218.166483	-57.865	-1.560000	253	Genesis-14-17	20	הַ/מֶּֽלֶךְ׃
17	219.726483	218.406483	-57.863	-1.320000	253	Genesis-14-17	20	הַ/מֶּֽלֶךְ׃
17	219.726483	218.261483	-57.822	-1.465000	253	Genesis-14-17	20	הַ/מֶּֽלֶךְ׃
17	219.726483	218.276483	-57.698	-1.450000	253	Genesis-14-17	20	הַ/מֶּֽלֶךְ׃
17	219.726483	218.396483	-57.548	-1.330000	253	Genesis-14-17	20	הַ/מֶּֽלֶךְ׃
17	219.726483	219.061483	-57.528	-0.665000	254	Genesis-14-18	1	וּ/מַלְכִּי־
17	219.726483	218.301483	-57.302	-1.425000	253	Genesis-14-17	20	הַ/מֶּֽלֶךְ׃
17	219.726483	218.716483	-57.122	-1.010000	254	Genesis-14-18	1	וּ/מַלְכִּי־
17	219.726483	218.731483	-57.046	-0.995000	254	Genesis-14-18	1	וּ/מַלְכִּי־
17	219.726483	218.381483	-57.030	-1.345000	253	Genesis-14-17	20	הַ/מֶּֽלֶךְ׃
17	219.726483	218.371483	-57.018	-1.355000	253	Genesis-14-17	20	הַ/מֶּֽלֶךְ׃
17	219.726483	218.996483	-56.975	-0.730000	254	Genesis-14-18	1	וּ/מַלְכִּי־
17	219.726483	218.796483	-56.916	-0.930000	254	Genesis-14-18	1	וּ/מַלְכִּי־
17	219.726483	218.701483	-56.897	-1.025000	253	Genesis-14-17	20	הַ/מֶּֽלֶךְ׃
17	219.726483	218.431483	-56.843	-1.295000	253	Genesis-14-17	20	הַ/מֶּֽלֶךְ׃
17	219.726483	218.641483	-56.817	-1.085000	253	Genesis-14-17	20	הַ/מֶּֽלֶךְ׃
17	219.726483	218.901483	-56.737	-0.825000	254	Genesis-14-18	1	וּ/מַלְכִּי־
17	219.726483	218.741483	-56.726	-0.985000	254	Genesis-14-18	1	וּ/מַלְכִּי־
17	219.726483	218.756483	-56.668	-0.970000	254	Genesis-14-18	1	וּ/מַלְכִּי־
17	219.726483	219.031483	-56.580	-0.695000	254	Genesis-14-18	1	וּ/מַלְכִּי־
17	219.726483	219.126483	-56.551	-0.600000	254	Genesis-14-18	1	וּ/מַלְכִּי־
17	219.726483	219.101483	-56.476	-0.625000	254	Genesis-14-18	1	וּ/מַלְכִּי־
17	219.726483	219.116483	-56.394	-0.610000	254	Genesis-14-18	1	וּ/מַלְכִּי־
17	219.726483	218.501483	-56.389	-1.225000	253	Genesis-14-17	20	הַ/מֶּֽלֶךְ׃
17	219.726483	218.966483	-56.369	-0.760000	254	Genesis-14-18	1	וּ/מַלְכִּי־
18	226.703151	227.563151	-57.986	+0.860000	266	Genesis-14-19	2	וַ/יֹּאמַ֑ר
18	226.703151	225.263151	-57.884	-1.440000	264	Genesis-14-18	11	עֶלְיֽוֹן׃
18	226.703151	227.578151	-57.667	+0.875000	266	Genesis-14-19	2	וַ/יֹּאמַ֑ר
18	226.703151	225.253151	-57.464	-1.450000	264	Genesis-14-18	11	עֶלְיֽוֹן׃
18	226.703151	225.608151	-57.399	-1.095000	264	Genesis-14-18	11	עֶלְיֽוֹן׃
18	226.703151	225.293151	-57.375	-1.410000	264	Genesis-14-18	11	עֶלְיֽוֹן׃
18	226.703151	227.538151	-57.226	+0.835000	266	Genesis-14-19	2	וַ/יֹּאמַ֑ר
18	226.703151	225.278151	-57.157	-1.425000	264	Genesis-14-18	11	עֶלְיֽוֹן׃
18	226.703151	225.598151	-57.102	-1.105000	264	Genesis-14-18	11	עֶלְיֽוֹן׃
18	226.703151	225.198151	-56.997	-1.505000	264	Genesis-14-18	11	עֶלְיֽוֹן׃
18	226.703151	227.498151	-56.938	+0.795000	266	Genesis-14-19	2	וַ/יֹּאמַ֑ר
18	226.703151	225.303151	-56.929	-1.400000	264	Genesis-14-18	11	עֶלְיֽוֹן׃
18	226.703151	225.228151	-56.911	-1.475000	264	Genesis-14-18	11	עֶלְיֽוֹן׃
18	226.703151	225.343151	-56.679	-1.360000	264	Genesis-14-18	11	עֶלְיֽוֹן׃
18	226.703151	227.513151	-56.640	+0.810000	266	Genesis-14-19	2	וַ/יֹּאמַ֑ר
18	226.703151	227.523151	-56.598	+0.820000	266	Genesis-14-19	2	וַ/יֹּאמַ֑ר
18	226.703151	225.578151	-56.372	-1.125000	264	Genesis-14-18	11	עֶלְיֽוֹן׃
18	226.703151	225.333151	-56.293	-1.370000	264	Genesis-14-18	11	עֶלְיֽוֹן׃
18	226.703151	225.318151	-56.229	-1.385000	264	Genesis-14-18	11	עֶלְיֽוֹן׃
18	226.703151	225.588151	-56.191	-1.115000	264	Genesis-14-18	11	עֶלְיֽוֹן׃
18	226.703151	227.483151	-56.130	+0.780000	266	Genesis-14-19	2	וַ/יֹּאמַ֑ר
18	226.703151	225.178151	-56.124	-1.525000	264	Genesis-14-18	11	עֶלְיֽוֹן׃
18	226.703151	225.158151	-56.082	-1.545000	264	Genesis-14-18	11	עֶלְיֽוֹן׃
18	226.703151	225.558151	-55.369	-1.145000	264	Genesis-14-18	11	עֶלְיֽוֹן׃
18	226.703151	225.428151	-55.343	-1.275000	264	Genesis-14-18	11	עֶלְיֽוֹן׃
18	226.703151	227.458151	-55.307	+0.755000	266	Genesis-14-19	2	וַ/יֹּאמַ֑ר
18	226.703151	225.418151	-55.266	-1.285000	264	Genesis-14-18	11	עֶלְיֽוֹן׃
18	226.703151	225.408151	-55.253	-1.295000	264	Genesis-14-18	11	עֶלְיֽוֹן׃
18	226.703151	225.518151	-55.196	-1.185000	264	Genesis-14-18	11	עֶלְיֽוֹן׃
18	226.703151	225.493151	-54.878	-1.210000	264	Genesis-14-18	11	עֶלְיֽוֹן׃
19	232.138014	231.458014	-57.779	-0.680000	273	Genesis-14-19	9	וָ/אָֽרֶץ׃
19	232.138014	231.478014	-56.926	-0.660000	273	Genesis-14-19	9	וָ/אָֽרֶץ׃
19	232.138014	231.208014	-55.254	-0.930000	273	Genesis-14-19	9	וָ/אָֽרֶץ׃
19	232.138014	231.408014	-53.984	-0.730000	273	Genesis-14-19	9	וָ/אָֽרֶץ׃
19	232.138014	231.418014	-53.876	-0.720000	273	Genesis-14-19	9	וָ/אָֽרֶץ׃
19	232.138014	231.253014	-53.154	-0.885000	273	Genesis-14-19	9	וָ/אָֽרֶץ׃
19	232.138014	231.393014	-53.060	-0.745000	273	Genesis-14-19	9	וָ/אָֽרֶץ׃
19	232.138014	231.273014	-52.957	-0.865000	273	Genesis-14-19	9	וָ/אָֽרֶץ׃
19	232.138014	231.373014	-52.904	-0.765000	273	Genesis-14-19	9	וָ/אָֽרֶץ׃
19	232.138014	231.353014	-52.701	-0.785000	273	Genesis-14-19	9	וָ/אָֽרֶץ׃
19	232.138014	231.333014	-52.533	-0.805000	273	Genesis-14-19	9	וָ/אָֽרֶץ׃
19	232.138014	231.288014	-52.465	-0.850000	273	Genesis-14-19	9	וָ/אָֽרֶץ׃
19	232.138014	231.313014	-52.339	-0.825000	273	Genesis-14-19	9	וָ/אָֽרֶץ׃
19	232.138014	232.088014	-45.896	-0.050000	274	Genesis-14-20	1	וּ/בָרוּךְ֙
19	232.138014	231.038014	-44.687	-1.100000	273	Genesis-14-19	9	וָ/אָֽרֶץ׃
19	232.138014	231.023014	-44.367	-1.115000	273	Genesis-14-19	9	וָ/אָֽרֶץ׃
19	232.138014	231.058014	-43.377	-1.080000	273	Genesis-14-19	9	וָ/אָֽרֶץ׃
19	232.138014	233.668014	-42.280	+1.530000	278	Genesis-14-20	5	מִגֵּ֥ן
19	232.138014	234.283014	-39.403	+2.145000	279	Genesis-14-20	6	צָרֶ֖י/ךָ
19	232.138014	232.013014	-37.268	-0.125000	274	Genesis-14-20	1	וּ/בָרוּךְ֙
19	232.138014	234.013014	-37.191	+1.875000	279	Genesis-14-20	6	צָרֶ֖י/ךָ
19	232.138014	232.028014	-36.639	-0.110000	274	Genesis-14-20	1	וּ/בָרוּךְ֙
19	232.138014	233.998014	-36.335	+1.860000	279	Genesis-14-20	6	צָרֶ֖י/ךָ
19	232.138014	233.078014	-35.485	+0.940000	276	Genesis-14-20	3	עֶלְי֔וֹן
19	232.138014	233.063014	-34.978	+0.925000	276	Genesis-14-20	3	עֶלְי֔וֹן
19	232.138014	233.373014	-34.171	+1.235000	277	Genesis-14-20	4	אֲשֶׁר־
19	232.138014	234.568014	-32.912	+2.430000	279	Genesis-14-20	6	צָרֶ֖י/ךָ
19	232.138014	231.593014	-31.210	-0.545000	273	Genesis-14-19	9	וָ/אָֽרֶץ׃
19	232.138014	230.043014	-30.806	-2.095000	271	Genesis-14-19	7	קֹנֵ֖ה
19	232.138014	230.483014	-30.587	-1.655000	272	Genesis-14-19	8	שָׁמַ֥יִם
