reference	index	word	lemma	morph
10:2	1	בְּנֵ֣י	1121 a	HNcmpc
10:2	2	יֶ֔פֶת	3315	HNp
10:2	3	גֹּ֣מֶר	1586	HNp
10:2	4	וּ/מָג֔וֹג	c/4031	HC/Np
10:2	5	וּ/מָדַ֖י	c/4074	HC/Np
10:2	6	וְ/יָוָ֣ן	c/3120	HC/Np
10:2	7	וְ/תֻבָ֑ל	c/8422	HC/Np
10:2	8	וּ/מֶ֖שֶׁךְ	c/4902	HC/Np
10:2	9	וְ/תִירָֽס	c/8494	HC/Np
10:3	1	וּ/בְנֵ֖י	c/1121 a	HC/Ncmpc
10:3	2	גֹּ֑מֶר	1586	HNp
10:3	3	אַשְׁכֲּנַ֥ז	813	HNp
10:3	4	וְ/רִיפַ֖ת	c/7384 b	HC/Np
10:3	5	וְ/תֹגַרְמָֽה	c/8425	HC/Np
10:4	1	וּ/בְנֵ֥י	c/1121 a	HC/Ncmpc
10:4	2	יָוָ֖ן	3120	HNp
10:4	3	אֱלִישָׁ֣ה	473	HNp
10:4	4	וְ/תַרְשִׁ֑ישׁ	c/8659	HC/Np
10:4	5	כִּתִּ֖ים	3794	HNp
10:4	6	וְ/דֹדָנִֽים	c/1721	HC/Np
10:5	1	מֵ֠/אֵלֶּה	m/428	HR/Pdxcp
10:5	2	נִפְרְד֞וּ	6504	HVNp3cp
10:5	3	אִיֵּ֤י	339	HNcmpc
10:5	4	הַ/גּוֹיִם֙	d/1471 a	HTd/Ncmpa
10:5	5	בְּ/אַרְצֹתָ֔/ם	b/776	HR/Ncbpc/Sp3mp
10:5	6	אִ֖ישׁ	376	HNcmsa
10:5	7	לִ/לְשֹׁנ֑/וֹ	l/3956	HR/Ncbsc/Sp3ms
10:5	8	לְ/מִשְׁפְּחֹתָ֖/ם	l/4940	HR/Ncfpc/Sp3mp
10:5	9	בְּ/גוֹיֵ/הֶֽם	b/1471 a	HR/Ncmpc/Sp3mp
10:6	1	וּ/בְנֵ֖י	c/1121 a	HC/Ncmpc
10:6	2	חָ֑ם	2526	HNp
10:6	3	כּ֥וּשׁ	3568 a	HNp
10:6	4	וּ/מִצְרַ֖יִם	c/4714	HC/Np
10:6	5	וּ/פ֥וּט	c/6316	HC/Np
10:6	6	וּ/כְנָֽעַן	c/3667 a	HC/Np
10:7	1	וּ/בְנֵ֣י	c/1121 a	HC/Ncmpc
10:7	2	כ֔וּשׁ	3568 a	HNp
10:7	3	סְבָא֙	5434	HNp
10:7	4	וַֽ/חֲוִילָ֔ה	c/2341	HC/Np
10:7	5	וְ/סַבְתָּ֥ה	c/5454	HC/Np
10:7	6	וְ/רַעְמָ֖ה	c/7484	HC/Np
10:7	7	וְ/סַבְתְּכָ֑א	c/5455	HC/Np
10:7	8	וּ/בְנֵ֥י	c/1121 a	HC/Ncmpc
10:7	9	רַעְמָ֖ה	7484	HNp
10:7	10	שְׁבָ֥א	7614	HNp
10:7	11	וּ/דְדָֽן	c/1719 a	HC/Np
10:8	1	וְ/כ֖וּשׁ	c/3568 a	HC/Np
10:8	2	יָלַ֣ד	3205	HVqp3ms
10:8	3	אֶת	853	HTo
10:8	4	נִמְרֹ֑ד	5248	HNp
10:8	5	ה֣וּא	1931	HPp3ms
10:8	6	הֵחֵ֔ל	2490 c	HVhp3ms
10:8	7	לִֽ/הְי֥וֹת	l/1961	HR/Vqc
10:8	8	גִּבֹּ֖ר	1368	HAamsa
10:8	9	בָּ/אָֽרֶץ	b/776	HRd/Ncbsa
10:9	1	הֽוּא	1931	HPp3ms
10:9	2	הָיָ֥ה	1961	HVqp3ms
10:9	3	גִבֹּֽר	1368	HAamsc
10:9	4	צַ֖יִד	6718 a	HNcmsa
10:9	5	לִ/פְנֵ֣י	l/6440	HR/Ncbpc
10:9	6	יְהוָ֑ה	3068	HNp
10:9	7	עַל	5921 a	HR
10:9	8	כֵּן֙	3651 c	HTm
10:9	9	יֵֽאָמַ֔ר	559	HVNi3ms
10:9	10	כְּ/נִמְרֹ֛ד	k/5248	HR/Np
10:9	11	גִּבּ֥וֹר	1368	HAamsc
10:9	12	צַ֖יִד	6718 a	HNcmsa
10:9	13	לִ/פְנֵ֥י	l/6440	HR/Ncbpc
10:9	14	יְהוָֽה	3068	HNp
10:10	1	וַ/תְּהִ֨י	c/1961	HC/Vqw3fs
10:10	2	רֵאשִׁ֤ית	7225	HNcfsc
10:10	3	מַמְלַכְתּ/וֹ֙	4467	HNcfsc/Sp3ms
10:10	4	בָּבֶ֔ל	894	HNp
10:10	5	וְ/אֶ֖רֶךְ	c/751	HC/Np
10:10	6	וְ/אַכַּ֣ד	c/390	HC/Np
10:10	7	וְ/כַלְנֵ֑ה	c/3641 a	HC/Np
10:10	8	בְּ/אֶ֖רֶץ	b/776	HR/Ncbsc
10:10	9	שִׁנְעָֽר	8152	HNp
10:11	1	מִן	4480 a	HR
10:11	2	הָ/אָ֥רֶץ	d/776	HTd/Ncbsa
10:11	3	הַ/הִ֖וא	d/1931	HTd/Pp3fs
10:11	4	יָצָ֣א	3318	HVqp3ms
10:11	5	אַשּׁ֑וּר	804	HNp
10:11	6	וַ/יִּ֨בֶן֙	c/1129	HC/Vqw3ms
10:11	7	אֶת	853	HTo
10:11	8	נִ֣ינְוֵ֔ה	5210	HNp
10:11	9	וְ/אֶת	c/853	HC/To
10:11	10	רְחֹבֹ֥ת	7344	HNp
10:11	11	עִ֖יר	5892 b	HNp
10:11	12	וְ/אֶת	c/853	HC/To
10:11	13	כָּֽלַח	3625	HNp
10:12	1	וְֽ/אֶת	c/853	HC/To
10:12	2	רֶ֔סֶן	7449	HNp
10:12	3	בֵּ֥ין	996	HR
10:12	4	נִֽינְוֵ֖ה	5210	HNp
10:12	5	וּ/בֵ֣ין	c/996	HC/R
10:12	6	כָּ֑לַח	3625	HNp
10:12	7	הִ֖וא	1931	HPp3fs
10:12	8	הָ/עִ֥יר	d/5892 b	HTd/Ncfsa
10:12	9	הַ/גְּדֹלָֽה	d/1419 a	HTd/Aafsa
10:13	1	וּ/מִצְרַ֡יִם	c/4714	HC/Np
10:13	2	יָלַ֞ד	3205	HVqp3ms
10:13	3	אֶת	853	HTo
10:13	4	לוּדִ֧ים	3866	HNgmpa
10:13	5	וְ/אֶת	c/853	HC/To
10:13	6	עֲנָמִ֛ים	6047	HNgmpa
10:13	7	וְ/אֶת	c/853	HC/To
10:13	8	לְהָבִ֖ים	3853	HNgmpa
10:13	9	וְ/אֶת	c/853	HC/To
10:13	10	נַפְתֻּחִֽים	5320	HNgmpa
10:14	1	וְֽ/אֶת	c/853	HC/To
10:14	2	פַּתְרֻסִ֞ים	6625	HNgmpa
10:14	3	וְ/אֶת	c/853	HC/To
10:14	4	כַּסְלֻחִ֗ים	3695	HNgmpa
10:14	5	אֲשֶׁ֨ר	834 a	HTr
10:14	6	יָצְא֥וּ	3318	HVqp3cp
10:14	7	מִ/שָּׁ֛ם	m/8033	HR/D
10:14	8	פְּלִשְׁתִּ֖ים	6430	HNgmpa
10:14	9	וְ/אֶת	c/853	HC/To
10:14	10	כַּפְתֹּרִֽים	3732	HNgmpa
10:15	1	וּ/כְנַ֗עַן	c/3667 a	HC/Np
10:15	2	יָלַ֛ד	3205	HVqp3ms
10:15	3	אֶת	853	HTo
10:15	4	צִידֹ֥ן	6721	HNp
10:15	5	בְּכֹר֖/וֹ	1060	HNcmsc/Sp3ms
10:15	6	וְ/אֶת	c/853	HC/To
10:15	7	חֵֽת	2845	HNp
10:16	1	וְ/אֶת	c/853	HC/To
10:16	2	הַ/יְבוּסִי֙	d/2983	HTd/Ngmsa
10:16	3	וְ/אֶת	c/853	HC/To
10:16	4	הָ֣/אֱמֹרִ֔י	d/567	HTd/Ngmsa
10:16	5	וְ/אֵ֖ת	c/853	HC/To
10:16	6	הַ/גִּרְגָּשִֽׁי	d/1622	HTd/Ngmsa
10:17	1	וְ/אֶת	c/853	HC/To
10:17	2	הַֽ/חִוִּ֥י	d/2340	HTd/Ngmsa
10:17	3	וְ/אֶת	c/853	HC/To
10:17	4	הַֽ/עַרְקִ֖י	d/6208	HTd/Ngmsa
10:17	5	וְ/אֶת	c/853	HC/To
10:17	6	הַ/סִּינִֽי	d/5513	HTd/Ngmsa
10:18	1	וְ/אֶת	c/853	HC/To
10:18	2	הָֽ/אַרְוָדִ֥י	d/721	HTd/Ngmsa
10:18	3	וְ/אֶת	c/853	HC/To
10:18	4	הַ/צְּמָרִ֖י	d/6786	HTd/Ngmsa
10:18	5	וְ/אֶת	c/853	HC/To
10:18	6	הַֽ/חֲמָתִ֑י	d/2577	HTd/Ngmsa
10:18	7	וְ/אַחַ֣ר	c/310 a	HC/D
10:18	8	נָפֹ֔צוּ	6327 a	HVNp3cp
10:18	9	מִשְׁפְּח֖וֹת	4940	HNcfpc
10:18	10	הַֽ/כְּנַעֲנִֽי	d/3669 a	HTd/Ngmsa
10:19	1	וַֽ/יְהִ֞י	c/1961	HC/Vqw3ms
10:19	2	גְּב֤וּל	1366	HNcmsc
10:19	3	הַֽ/כְּנַעֲנִי֙	d/3669 a	HTd/Ngmsa
10:19	4	מִ/צִּידֹ֔ן	m/6721	HR/Np
10:19	5	בֹּאֲ/כָ֥ה	935	HVqc/Sp2ms
10:19	6	גְרָ֖רָ/ה	1642	HNp/Sd
10:19	7	עַד	5704	HR
10:19	8	עַזָּ֑ה	5804	HNp
10:19	9	בֹּאֲ/כָ֞ה	935	HVqc/Sp2ms
10:19	10	סְדֹ֧מָ/ה	5467	HNp/Sd
10:19	11	וַ/עֲמֹרָ֛ה	c/6017	HC/Np
10:19	12	וְ/אַדְמָ֥ה	c/126	HC/Np
10:19	13	וּ/צְבֹיִ֖ם	c/6636	HC/Np
10:19	14	עַד	5704	HR
10:19	15	לָֽשַׁע	3962	HNp
10:20	1	אֵ֣לֶּה	428	HPdxcp
10:20	2	בְנֵי	1121 a	HNcmpc
10:20	3	חָ֔ם	2526	HNp
10:20	4	לְ/מִשְׁפְּחֹתָ֖/ם	l/4940	HR/Ncfpc/Sp3mp
10:20	5	לִ/לְשֹֽׁנֹתָ֑/ם	l/3956	HR/Ncbpc/Sp3mp
10:20	6	בְּ/אַרְצֹתָ֖/ם	b/776	HR/Ncbpc/Sp3mp
10:20	7	בְּ/גוֹיֵ/הֶֽם	b/1471 a	HR/Ncmpc/Sp3mp
10:21	1	וּ/לְ/שֵׁ֥ם	c/l/8035	HC/R/Np
10:21	2	יֻלַּ֖ד	3205	HVPp3ms
10:21	3	גַּם	1571	HTa
10:21	4	ה֑וּא	1931	HPp3ms
10:21	5	אֲבִי֙	1	HNcmsc
10:21	6	כָּל	3605	HNcmsc
10:21	7	בְּנֵי	1121 a	HNcmpc
10:21	8	עֵ֔בֶר	5677	HNp
10:21	9	אֲחִ֖י	251	HNcmsc
10:21	10	יֶ֥פֶת	3315	HNp
10:21	11	הַ/גָּדֽוֹל	d/1419 a	HTd/Aamsa
10:22	1	בְּנֵ֥י	1121 a	HNcmpc
10:22	2	שֵׁ֖ם	8035	HNp
10:22	3	עֵילָ֣ם	5867 a	HNp
10:22	4	וְ/אַשּׁ֑וּר	c/804	HC/Np
10:22	5	וְ/אַרְפַּכְשַׁ֖ד	c/775	HC/Np
10:22	6	וְ/ל֥וּד	c/3865	HC/Np
10:22	7	וַֽ/אֲרָֽם	c/758	HC/Np
10:23	1	וּ/בְנֵ֖י	c/1121 a	HC/Ncmpc
10:23	2	אֲרָ֑ם	758	HNp
10:23	3	ע֥וּץ	5780	HNp
10:23	4	וְ/ח֖וּל	c/2343	HC/Np
10:23	5	וְ/גֶ֥תֶר	c/1666	HC/Np
10:23	6	וָ/מַֽשׁ	c/4851	HC/Np
10:24	1	וְ/אַרְפַּכְשַׁ֖ד	c/775	HC/Np
10:24	2	יָלַ֣ד	3205	HVqp3ms
10:24	3	אֶת	853	HTo
10:24	4	שָׁ֑לַח	7974	HNp
10:24	5	וְ/שֶׁ֖לַח	c/7974	HC/Np
10:24	6	יָלַ֥ד	3205	HVqp3ms
10:24	7	אֶת	853	HTo
10:24	8	עֵֽבֶר	5677	HNp
10:25	1	וּ/לְ/עֵ֥בֶר	c/l/5677	HC/R/Np
10:25	2	יֻלַּ֖ד	3205	HVPp3ms
10:25	3	שְׁנֵ֣י	8147	HAcmdc
10:25	4	בָנִ֑ים	1121 a	HNcmpa
10:25	5	שֵׁ֣ם	8034	HNcmsc
10:25	6	הָֽ/אֶחָ֞ד	d/259	HTd/Acmsa
10:25	7	פֶּ֗לֶג	6389	HNp
10:25	8	כִּ֤י	3588 a	HC
10:25	9	בְ/יָמָי/ו֙	b/3117	HR/Ncmpc/Sp3ms
10:25	10	נִפְלְגָ֣ה	6385	HVNp3fs
10:25	11	הָ/אָ֔רֶץ	d/776	HTd/Ncbsa
10:25	12	וְ/שֵׁ֥ם	c/8034	HC/Ncmsc
10:25	13	אָחִ֖י/ו	251	HNcmsc/Sp3ms
10:25	14	יָקְטָֽן	3355	HNp
10:26	1	וְ/יָקְטָ֣ן	c/3355	HC/Np
10:26	2	יָלַ֔ד	3205	HVqp3ms
10:26	3	אֶת	853	HTo
10:26	4	אַלְמוֹדָ֖ד	486	HNp
10:26	5	וְ/אֶת	c/853	HC/To
10:26	6	שָׁ֑לֶף	8026	HNp
10:26	7	וְ/אֶת	c/853	HC/To
10:26	8	חֲצַרְמָ֖וֶת	2700	HNp
10:26	9	וְ/אֶת	c/853	HC/To
10:26	10	יָֽרַח	3392	HNp
10:27	1	וְ/אֶת	c/853	HC/To
10:27	2	הֲדוֹרָ֥ם	1913 a	HNp
10:27	3	וְ/אֶת	c/853	HC/To
10:27	4	אוּזָ֖ל	187	HNp
10:27	5	וְ/אֶת	c/853	HC/To
10:27	6	דִּקְלָֽה	1853	HNp
10:28	1	וְ/אֶת	c/853	HC/To
10:28	2	עוֹבָ֥ל	5745	HNp
10:28	3	וְ/אֶת	c/853	HC/To
10:28	4	אֲבִֽימָאֵ֖ל	39	HNp
10:28	5	וְ/אֶת	c/853	HC/To
10:28	6	שְׁבָֽא	7614	HNp
10:29	1	וְ/אֶת	c/853	HC/To
10:29	2	אוֹפִ֥ר	211	HNp
10:29	3	וְ/אֶת	c/853	HC/To
10:29	4	חֲוִילָ֖ה	2341	HNp
10:29	5	וְ/אֶת	c/853	HC/To
10:29	6	יוֹבָ֑ב	3103	HNp
10:29	7	כָּל	3605	HNcmsc
10:29	8	אֵ֖לֶּה	428	HPdxcp
10:29	9	בְּנֵ֥י	1121 a	HNcmpc
10:29	10	יָקְטָֽן	3355	HNp
10:30	1	וַֽ/יְהִ֥י	c/1961	HC/Vqw3ms
10:30	2	מוֹשָׁבָ֖/ם	4186	HNcmsc/Sp3mp
10:30	3	מִ/מֵּשָׁ֑א	m/4852	HR/Np
10:30	4	בֹּאֲ/כָ֥ה	935	HVqc/Sp2ms
10:30	5	סְפָ֖רָ/ה	5611	HNp/Sd
10:30	6	הַ֥ר	2022	HNcmsc
10:30	7	הַ/קֶּֽדֶם	d/6924 a	HTd/Ncmsa
10:31	1	אֵ֣לֶּה	428	HPdxcp
10:31	2	בְנֵי	1121 a	HNcmpc
10:31	3	שֵׁ֔ם	8035	HNp
10:31	4	לְ/מִשְׁפְּחֹתָ֖/ם	l/4940	HR/Ncfpc/Sp3mp
10:31	5	לִ/לְשֹׁנֹתָ֑/ם	l/3956	HR/Ncbpc/Sp3mp
10:31	6	בְּ/אַרְצֹתָ֖/ם	b/776	HR/Ncbpc/Sp3mp
10:31	7	לְ/גוֹיֵ/הֶֽם	l/1471 a	HR/Ncmpc/Sp3mp
10:32	1	אֵ֣לֶּה	428	HPdxcp
10:32	2	מִשְׁפְּחֹ֧ת	4940	HNcfpc
10:32	3	בְּנֵי	1121 a	HNcmpc
10:32	4	נֹ֛חַ	5146	HNp
10:32	5	לְ/תוֹלְדֹתָ֖/ם	l/8435	HR/Ncfpc/Sp3mp
10:32	6	בְּ/גוֹיֵ/הֶ֑ם	b/1471 a	HR/Ncmpc/Sp3mp
10:32	7	וּ/מֵ/אֵ֜לֶּה	c/m/428	HC/R/Pdxcp
10:32	8	נִפְרְד֧וּ	6504	HVNp3cp
10:32	9	הַ/גּוֹיִ֛ם	d/1471 a	HTd/Ncmpa
10:32	10	בָּ/אָ֖רֶץ	b/776	HRd/Ncbsa
10:32	11	אַחַ֥ר	310 a	HR
10:32	12	הַ/מַּבּֽוּל	d/3999	HTd/Ncmsa
