reference	verse_word	global_word	time	word
Genesis-9-18	1	0	0.000000	וַ/יִּֽהְי֣וּ
Genesis-9-18	2	1	2.428343	בְנֵי־
Genesis-9-18	3	2	2.794522	נֹ֗חַ
Genesis-9-18	4	3	3.777422	הַ/יֹּֽצְאִים֙
Genesis-9-18	5	4	4.432689	מִן־
Genesis-9-18	6	5	4.741050	הַ/תֵּבָ֔ה
Genesis-9-18	7	6	5.511953	שֵׁ֖ם
Genesis-9-18	8	7	5.858859	וְ/חָ֣ם
Genesis-9-18	9	8	6.263583	וָ/יָ֑פֶת
Genesis-9-18	10	9	6.533399	וְ/חָ֕ם
Genesis-9-18	11	10	7.285029	ה֖וּא
Genesis-9-18	12	11	7.921023	אֲבִ֥י
Genesis-9-18	13	12	8.325747	כְנָֽעַן׃
Genesis-9-19	1	13	9.096649	שְׁלֹשָׁ֥ה
Genesis-9-19	2	14	9.906097	אֵ֖לֶּה
Genesis-9-19	3	15	10.387911	בְּנֵי־
Genesis-9-19	4	16	10.734817	נֹ֑חַ
Genesis-9-19	5	17	11.255176	וּ/מֵ/אֵ֖לֶּה
Genesis-9-19	6	18	11.929716	נָֽפְצָ֥ה
Genesis-9-19	7	19	12.488620	כָל־
Genesis-9-19	8	20	12.816254	הָ/אָֽרֶץ׃
Genesis-9-20	1	21	13.375158	וַ/יָּ֥חֶל
Genesis-9-20	2	22	14.300241	נֹ֖חַ
Genesis-9-20	3	23	14.762783	אִ֣ישׁ
Genesis-9-20	4	24	15.225324	הָֽ/אֲדָמָ֑ה
Genesis-9-20	5	25	15.784229	וַ/יִּטַּ֖ע
Genesis-9-20	6	26	16.362405	כָּֽרֶם׃
Genesis-9-21	1	27	16.979127	וַ/יֵּ֥שְׁתְּ
Genesis-9-21	2	28	18.058391	מִן־
Genesis-9-21	3	29	18.366752	הַ/יַּ֖יִן
Genesis-9-21	4	30	18.655840	וַ/יִּשְׁכָּ֑ר
Genesis-9-21	5	31	19.253290	וַ/יִּתְגַּ֖ל
Genesis-9-21	6	32	19.889284	בְּ/ת֥וֹךְ
Genesis-9-21	7	33	20.236190	אָהֳלֹֽ/ה׃
Genesis-9-22	1	34	21.142001	וַ/יַּ֗רְא
Genesis-9-22	2	35	22.972894	חָ֚ם
Genesis-9-22	3	36	23.820887	אֲבִ֣י
Genesis-9-22	4	37	24.495427	כְנַ֔עַן
Genesis-9-22	5	38	24.996513	אֵ֖ת
Genesis-9-22	6	39	25.401237	עֶרְוַ֣ת
Genesis-9-22	7	40	25.825234	אָבִ֑י/ו
Genesis-9-22	8	41	26.422683	וַ/יַּגֵּ֥ד
Genesis-9-22	9	42	27.058678	לִ/שְׁנֵֽי־
Genesis-9-22	10	43	27.579037	אֶחָ֖י/ו
Genesis-9-22	11	44	27.964488	בַּ/חֽוּץ׃
Genesis-9-23	1	45	28.639028	וַ/יִּקַּח֩
Genesis-9-23	2	46	29.718291	שֵׁ֨ם
Genesis-9-23	3	47	31.529912	וָ/יֶ֜פֶת
Genesis-9-23	4	48	32.763356	אֶת־
Genesis-9-23	5	49	33.360805	הַ/שִּׂמְלָ֗ה
Genesis-9-23	6	50	34.555704	וַ/יָּשִׂ֙ימוּ֙
Genesis-9-23	7	51	35.634968	עַל־
Genesis-9-23	8	52	36.020419	שְׁכֶ֣ם
Genesis-9-23	9	53	36.540778	שְׁנֵי/הֶ֔ם
Genesis-9-23	10	54	37.273136	וַ/יֵּֽלְכוּ֙
Genesis-9-23	11	55	38.082583	אֲחֹ֣רַנִּ֔ית
Genesis-9-23	12	56	39.026939	וַ/יְכַסּ֕וּ
Genesis-9-23	13	57	40.125475	אֵ֖ת
Genesis-9-23	14	58	40.877105	עֶרְוַ֣ת
Genesis-9-23	15	59	41.436009	אֲבִי/הֶ֑ם
Genesis-9-23	16	60	42.206912	וּ/פְנֵי/הֶם֙
Genesis-9-23	17	61	43.054904	אֲחֹ֣רַנִּ֔ית
Genesis-9-23	18	62	44.076350	וְ/עֶרְוַ֥ת
Genesis-9-23	19	63	44.712345	אֲבִי/הֶ֖ם
Genesis-9-23	20	64	45.136341	לֹ֥א
Genesis-9-23	21	65	45.541065	רָאֽוּ׃
Genesis-9-24	1	66	46.215605	וַ/יִּ֥יקֶץ
Genesis-9-24	2	67	47.198505	נֹ֖חַ
Genesis-9-24	3	68	47.622502	מִ/יֵּינ֑/וֹ
Genesis-9-24	4	69	48.354859	וַ/יֵּ֕דַע
Genesis-9-24	5	70	49.376305	אֵ֛ת
Genesis-9-24	6	71	50.609749	אֲשֶׁר־
Genesis-9-24	7	72	50.995200	עָ֥שָׂה־
Genesis-9-24	8	73	51.342106	ל֖/וֹ
Genesis-9-24	9	74	51.669740	בְּנ֥/וֹ
Genesis-9-24	10	75	52.093736	הַ/קָּטָֽן׃
Genesis-9-25	1	76	53.076637	וַ/יֹּ֖אמֶר
Genesis-9-25	2	77	54.155900	אָר֣וּר
Genesis-9-25	3	78	54.907530	כְּנָ֑עַן
Genesis-9-25	4	79	55.370072	עֶ֥בֶד
Genesis-9-25	5	80	55.986794	עֲבָדִ֖ים
Genesis-9-25	6	81	56.584243	יִֽהְיֶ֥ה
Genesis-9-25	7	82	57.104602	לְ/אֶחָֽי/ו׃
Genesis-9-26	1	83	57.856232	וַ/יֹּ֕אמֶר
Genesis-9-26	2	84	58.993313	בָּר֥וּךְ
Genesis-9-26	3	85	59.648580	יְהֹוָ֖ה
Genesis-9-26	4	86	60.168940	אֱלֹ֣הֵי
Genesis-9-26	5	87	60.785662	שֵׁ֑ם
Genesis-9-26	6	88	61.171113	וִ/יהִ֥י
Genesis-9-26	7	89	61.768562	כְנַ֖עַן
Genesis-9-26	8	90	62.231104	עֶ֥בֶד
Genesis-9-26	9	91	62.886371	לָֽ/מוֹ׃
Genesis-9-27	1	92	63.445275	יַ֤פְתְּ
Genesis-9-27	2	93	64.852172	אֱלֹהִים֙
Genesis-9-27	3	94	65.314714	לְ/יֶ֔פֶת
Genesis-9-27	4	95	65.873618	וְ/יִשְׁכֹּ֖ן
Genesis-9-27	5	96	66.663793	בְּ/אָֽהֳלֵי־
Genesis-9-27	6	97	67.280515	שֵׁ֑ם
Genesis-9-27	7	98	67.723784	וִ/יהִ֥י
Genesis-9-27	8	99	68.533232	כְנַ֖עַן
Genesis-9-27	9	100	69.072863	עֶ֥בֶד
Genesis-9-27	10	101	69.593223	לָֽ/מוֹ׃
Genesis-9-28	1	102	70.152127	וַֽ/יְחִי־
Genesis-9-28	2	103	71.115755	נֹ֖חַ
Genesis-9-28	3	104	71.674659	אַחַ֣ר
Genesis-9-28	4	105	72.349199	הַ/מַּבּ֑וּל
Genesis-9-28	5	106	73.004466	שְׁלֹ֤שׁ
Genesis-9-28	6	107	73.640461	מֵאוֹת֙
Genesis-9-28	7	108	74.083730	שָׁנָ֔ה
Genesis-9-28	8	109	74.642634	וַֽ/חֲמִשִּׁ֖ים
Genesis-9-28	9	110	75.413537	שָׁנָֽה׃
Genesis-9-29	1	111	76.203712	וַ/יִּֽהְיוּ֙
Genesis-9-29	2	112	76.916796	כָּל־
Genesis-9-29	3	113	77.263702	יְמֵי־
Genesis-9-29	4	114	77.649154	נֹ֔חַ
Genesis-9-29	5	115	78.053878	תְּשַׁ֤ע
Genesis-9-29	6	116	78.824780	מֵאוֹת֙
Genesis-9-29	7	117	79.287322	שָׁנָ֔ה
Genesis-9-29	8	118	79.634228	וַ/חֲמִשִּׁ֖ים
Genesis-9-29	9	119	80.385858	שָׁנָ֑ה
Genesis-9-29	10	120	80.790581	וַ/יָּמֹֽת׃
Genesis-10-1	1	121	82.313114	וְ/אֵ֙לֶּה֙
Genesis-10-1	2	122	84.568004	תּוֹלְדֹ֣ת
Genesis-10-1	3	123	85.338906	בְּנֵי־
Genesis-10-1	4	124	85.724357	נֹ֔חַ
Genesis-10-1	5	125	86.032718	שֵׁ֖ם
Genesis-10-1	6	126	86.379624	חָ֣ם
Genesis-10-1	7	127	86.707258	וָ/יָ֑פֶת
Genesis-10-1	8	128	87.034892	וַ/יִּוָּלְד֥וּ
Genesis-10-1	9	129	88.191245	לָ/הֶ֛ם
Genesis-10-1	10	130	89.309054	בָּנִ֖ים
Genesis-10-1	11	131	89.848686	אַחַ֥ר
Genesis-10-1	12	132	90.330500	הַ/מַּבּֽוּל׃
Genesis-10-2	1	133	91.062857	בְּנֵ֣י
Genesis-10-2	2	134	91.775942	יֶ֔פֶת
Genesis-10-2	3	135	92.257756	גֹּ֣מֶר
Genesis-10-2	4	136	93.067204	וּ/מָג֔וֹג
Genesis-10-2	5	137	93.761016	וּ/מָדַ֖י
Genesis-10-2	6	138	94.474101	וְ/יָוָ֣ן
Genesis-10-2	7	139	95.187185	וְ/תֻבָ֑ל
Genesis-10-2	8	140	96.170086	וּ/מֶ֖שֶׁךְ
Genesis-10-2	9	141	97.191532	וְ/תִירָֽס׃
Genesis-10-3	1	142	98.328613	וּ/בְנֵ֖י
Genesis-10-3	2	143	99.735510	גֹּ֑מֶר
Genesis-10-3	3	144	100.313687	אַשְׁכֲּנַ֥ז
Genesis-10-3	4	145	101.084590	וְ/רִיפַ֖ת
Genesis-10-3	5	146	101.662766	וְ/תֹגַרְמָֽה׃
Genesis-10-4	1	147	102.395124	וּ/בְנֵ֥י
Genesis-10-4	2	148	103.898384	יָוָ֖ן
Genesis-10-4	3	149	104.534378	אֱלִישָׁ֣ה
Genesis-10-4	4	150	105.286008	וְ/תַרְשִׁ֑ישׁ
Genesis-10-4	5	151	106.037638	כִּתִּ֖ים
Genesis-10-4	6	152	107.598716	וְ/דֹדָנִֽים׃
Genesis-10-5	1	153	108.677979	מֵ֠/אֵלֶּה
Genesis-10-5	2	154	110.756302	נִפְרְד֞וּ
Genesis-10-5	3	155	112.452287	אִיֵּ֤י
Genesis-10-5	4	156	113.203917	הַ/גּוֹיִם֙
Genesis-10-5	5	157	114.263908	בְּ/אַרְצֹתָ֔/ם
Genesis-10-5	6	158	115.227536	אִ֖ישׁ
Genesis-10-5	7	159	115.612987	לִ/לְשֹׁנ֑/וֹ
Genesis-10-5	8	160	116.229709	לְ/מִשְׁפְּחֹתָ֖/ם
Genesis-10-5	9	161	117.328245	בְּ/גוֹיֵ/הֶֽם׃
Genesis-10-6	1	162	118.330419	וּ/בְנֵ֖י
Genesis-10-6	2	163	119.236229	חָ֑ם
Genesis-10-6	3	164	119.563863	כּ֥וּשׁ
Genesis-10-6	4	165	120.064949	וּ/מִצְרַ֖יִם
Genesis-10-6	5	166	120.816579	וּ/פ֥וּט
Genesis-10-6	6	167	121.298393	וּ/כְנָֽעַן׃
Genesis-10-7	1	168	122.146386	וּ/בְנֵ֣י
Genesis-10-7	2	169	122.917289	כ֔וּשׁ
Genesis-10-7	3	170	123.572556	סְבָא֙
Genesis-10-7	4	171	124.208550	וַֽ/חֲוִילָ֔ה
Genesis-10-7	5	172	124.979453	וְ/סַבְתָּ֥ה
Genesis-10-7	6	173	125.788900	וְ/רַעְמָ֖ה
Genesis-10-7	7	174	126.656166	וְ/סַבְתְּכָ֑א
Genesis-10-7	8	175	127.523431	וּ/בְנֵ֥י
Genesis-10-7	9	176	128.275061	רַעְמָ֖ה
Genesis-10-7	10	177	128.988146	שְׁבָ֥א
Genesis-10-7	11	178	129.662685	וּ/דְדָֽן׃
Genesis-10-8	1	179	130.587768	וְ/כ֖וּשׁ
Genesis-10-8	2	180	131.493579	יָלַ֣ד
Genesis-10-8	3	181	132.148846	אֶת־
Genesis-10-8	4	182	132.669205	נִמְרֹ֑ד
Genesis-10-8	5	183	133.208837	ה֣וּא
Genesis-10-8	6	184	133.825559	הֵחֵ֔ל
Genesis-10-8	7	185	134.365191	לִֽ/הְי֥וֹת
Genesis-10-8	8	186	135.001185	גִּבֹּ֖ר
Genesis-10-8	9	187	135.521544	בָּ/אָֽרֶץ׃
Genesis-10-9	1	188	136.446627	הֽוּא־
Genesis-10-9	2	189	137.140440	הָיָ֥ה
Genesis-10-9	3	190	137.545163	גִבֹּֽר־
Genesis-10-9	4	191	137.988432	צַ֖יִד
Genesis-10-9	5	192	138.393156	לִ/פְנֵ֣י
Genesis-10-9	6	193	138.913515	יְהוָ֑ה
Genesis-10-9	7	194	139.433875	עַל־
Genesis-10-9	8	195	139.934961	כֵּן֙
Genesis-10-9	9	196	140.301140	יֵֽאָמַ֔ר
Genesis-10-9	10	197	141.361131	כְּ/נִמְרֹ֛ד
Genesis-10-9	11	198	142.980026	גִּבּ֥וֹר
Genesis-10-9	12	199	143.577475	צַ֖יִד
Genesis-10-9	13	200	144.040017	לִ/פְנֵ֥י
Genesis-10-9	14	201	144.579649	יְהוָֽה׃
Genesis-10-10	1	202	145.234916	וַ/תְּהִ֨י
Genesis-10-10	2	203	146.487632	רֵאשִׁ֤ית
Genesis-10-10	3	204	147.277807	מַמְלַכְתּ/וֹ֙
Genesis-10-10	4	205	148.048710	בָּבֶ֔ל
Genesis-10-10	5	206	148.703977	וְ/אֶ֖רֶךְ
Genesis-10-10	6	207	149.205064	וְ/אַכַּ֣ד
Genesis-10-10	7	208	149.744695	וְ/כַלְנֵ֑ה
Genesis-10-10	8	209	150.611961	בְּ/אֶ֖רֶץ
Genesis-10-10	9	210	151.402136	שִׁנְעָֽר׃
Genesis-10-11	1	211	152.481399	מִן־
Genesis-10-11	2	212	152.982486	הָ/אָ֥רֶץ
Genesis-10-11	3	213	153.522118	הַ/הִ֖וא
Genesis-10-11	4	214	153.946114	יָצָ֣א
Genesis-10-11	5	215	154.350838	אַשּׁ֑וּר
Genesis-10-11	6	216	154.813379	וַ/יִּ֙בֶן֙
Genesis-10-11	7	217	155.873370	אֶת־
Genesis-10-11	8	218	156.451547	נִ֣ינְוֵ֔ה
Genesis-10-11	9	219	157.010451	וְ/אֶת־
Genesis-10-11	10	220	157.530811	רְחֹבֹ֥ת
Genesis-10-11	11	221	158.051170	עִ֖יר
Genesis-10-11	12	222	158.417348	וְ/אֶת־
Genesis-10-11	13	223	158.802800	כָּֽלַח׃
Genesis-10-12	1	224	159.477339	וְֽ/אֶת־
Genesis-10-12	2	225	160.961327	רֶ֔סֶן
Genesis-10-12	3	226	161.655139	בֵּ֥ין
Genesis-10-12	4	227	162.214043	נִֽינְוֵ֖ה
Genesis-10-12	5	228	162.811493	וּ/בֵ֣ין
Genesis-10-12	6	229	163.139126	כָּ֑לַח
Genesis-10-12	7	230	163.755848	הִ֖וא
Genesis-10-12	8	231	164.526751	הָ/עִ֥יר
Genesis-10-12	9	232	165.008565	הַ/גְּדֹלָֽה׃
Genesis-10-13	1	233	165.933648	וּ/מִצְרַ֡יִם
Genesis-10-13	2	234	170.539790	יָלַ֞ד
Genesis-10-13	3	235	172.447774	אֶת־
Genesis-10-13	4	236	172.910315	לוּדִ֧ים
Genesis-10-13	5	237	174.240122	וְ/אֶת־
Genesis-10-13	6	238	174.625573	עֲנָמִ֛ים
Genesis-10-13	7	239	176.263741	וְ/אֶת־
Genesis-10-13	8	240	176.803373	לְהָבִ֖ים
Genesis-10-13	9	241	177.477913	וְ/אֶת־
Genesis-10-13	10	242	177.901909	נַפְתֻּחִֽים׃
Genesis-10-14	1	243	178.807719	וְֽ/אֶת־
Genesis-10-14	2	244	180.792793	פַּתְרֻסִ֞ים
Genesis-10-14	3	245	182.681504	וְ/אֶת־
Genesis-10-14	4	246	183.086228	כַּסְלֻחִ֗ים
Genesis-10-14	5	247	184.955667	אֲשֶׁ֨ר
Genesis-10-14	6	248	185.688024	יָצְא֥וּ
Genesis-10-14	7	249	186.304746	מִ/שָּׁ֛ם
Genesis-10-14	8	250	187.210557	פְּלִשְׁתִּ֖ים
Genesis-10-14	9	251	188.077822	וְ/אֶת־
Genesis-10-14	10	252	188.463273	כַּפְתֹּרִֽים׃
Genesis-10-15	1	253	189.677445	וּ/כְנַ֗עַן
Genesis-10-15	2	254	192.857417	יָלַ֛ד
Genesis-10-15	3	255	194.399222	אֶת־
Genesis-10-15	4	256	194.784674	צִידֹ֥ן
Genesis-10-15	5	257	195.266488	בְּכֹר֖/וֹ
Genesis-10-15	6	258	195.825392	וְ/אֶת־
Genesis-10-15	7	259	196.172298	חֵֽת׃
Genesis-10-16	1	260	196.692657	וְ/אֶת־
Genesis-10-16	2	261	197.521377	הַ/יְבוּסִי֙
Genesis-10-16	3	262	198.369370	וְ/אֶת־
Genesis-10-16	4	263	198.716276	הָ֣/אֱמֹרִ֔י
Genesis-10-16	5	264	199.390816	וְ/אֵ֖ת
Genesis-10-16	6	265	199.756995	הַ/גִּרְגָּשִֽׁי׃
Genesis-10-17	1	266	200.508625	וְ/אֶת־
Genesis-10-17	2	267	201.491525	הַֽ/חִוִּ֥י
Genesis-10-17	3	268	202.069702	וְ/אֶת־
Genesis-10-17	4	269	202.378063	הַֽ/עַרְקִ֖י
Genesis-10-17	5	270	202.859877	וְ/אֶת־
Genesis-10-17	6	271	203.187511	הַ/סִּינִֽי׃
Genesis-10-18	1	272	204.035504	וְ/אֶת־
Genesis-10-18	2	273	204.632953	הָֽ/אַרְוָדִ֥י
Genesis-10-18	3	274	205.558036	וְ/אֶת־
Genesis-10-18	4	275	205.943487	הַ/צְּמָרִ֖י
Genesis-10-18	5	276	206.598754	וְ/אֶת־
Genesis-10-18	6	277	206.964933	הַֽ/חֲמָתִ֑י
Genesis-10-18	7	278	207.735836	וְ/אַחַ֣ר
Genesis-10-18	8	279	209.007825	נָפֹ֔צוּ
Genesis-10-18	9	280	210.009998	מִשְׁפְּח֖וֹת
Genesis-10-18	10	281	210.915808	הַֽ/כְּנַעֲנִֽי׃
Genesis-10-19	1	282	212.033617	וַֽ/יְהִ֞י
Genesis-10-19	2	283	216.273581	גְּב֤וּל
Genesis-10-19	3	284	216.851757	הַֽ/כְּנַעֲנִי֙
Genesis-10-19	4	285	217.526297	מִ/צִּידֹ֔ן
Genesis-10-19	5	286	218.316472	בֹּאֲ/כָ֥ה
Genesis-10-19	6	287	219.145192	גְרָ֖רָ/ה
Genesis-10-19	7	288	219.800460	עַד־
Genesis-10-19	8	289	220.147366	עַזָּ֑ה
Genesis-10-19	9	290	220.686997	בֹּאֲ/כָ֞ה
Genesis-10-19	10	291	222.286620	סְדֹ֧מָ/ה
Genesis-10-19	11	292	223.789880	וַ/עֲמֹרָ֛ה
Genesis-10-19	12	293	225.254595	וְ/אַדְמָ֥ה
Genesis-10-19	13	294	226.179678	וּ/צְבֹיִ֖ם
Genesis-10-19	14	295	226.854217	עַד־
Genesis-10-19	15	296	227.181851	לָֽשַׁע׃
Genesis-10-20	1	297	228.029844	אֵ֣לֶּה
Genesis-10-20	2	298	228.935654	בְנֵי־
Genesis-10-20	3	299	229.417468	חָ֔ם
Genesis-10-20	4	300	229.841465	לְ/מִשְׁפְּחֹתָ֖/ם
Genesis-10-20	5	301	230.843638	לִ/לְשֹֽׁנֹתָ֑/ם
Genesis-10-20	6	302	231.903629	בְּ/אַרְצֹתָ֖/ם
Genesis-10-20	7	303	233.079255	בְּ/גוֹיֵ/הֶֽם׃
Genesis-10-21	1	304	234.274154	וּ/לְ/שֵׁ֥ם
Genesis-10-21	2	305	235.893049	יֻלַּ֖ד
Genesis-10-21	3	306	236.606134	גַּם־
Genesis-10-21	4	307	237.010858	ה֑וּא
Genesis-10-21	5	308	237.357764	אֲבִי֙
Genesis-10-21	6	309	237.935941	כָּל־
Genesis-10-21	7	310	238.244302	בְּנֵי־
Genesis-10-21	8	311	238.571935	עֵ֔בֶר
Genesis-10-21	9	312	238.957387	אֲחִ֖י
Genesis-10-21	10	313	239.458473	יֶ֥פֶת
Genesis-10-21	11	314	240.094468	הַ/גָּדֽוֹל׃
Genesis-10-22	1	315	241.038823	בְּנֵ֥י
Genesis-10-22	2	316	241.520637	שֵׁ֖ם
Genesis-10-22	3	317	241.983179	עֵילָ֣ם
Genesis-10-22	4	318	242.696264	וְ/אַשּׁ֑וּר
Genesis-10-22	5	319	243.370803	וְ/אַרְפַּכְשַׁ֖ד
Genesis-10-22	6	320	244.565702	וְ/ל֥וּד
Genesis-10-22	7	321	245.143879	וַֽ/אֲרָֽם׃
Genesis-10-23	1	322	245.914782	וּ/בְנֵ֖י
Genesis-10-23	2	323	246.570049	אֲרָ֑ם
Genesis-10-23	3	324	247.032590	ע֥וּץ
Genesis-10-23	4	325	247.552949	וְ/ח֖וּל
Genesis-10-23	5	326	248.034763	וְ/גֶ֥תֶר
Genesis-10-23	6	327	248.998392	וָ/מַֽשׁ׃
Genesis-10-24	1	328	249.827112	וְ/אַרְפַּכְשַׁ֖ד
Genesis-10-24	2	329	254.182711	יָלַ֣ד
Genesis-10-24	3	330	254.606707	אֶת־
Genesis-10-24	4	331	255.049976	שָׁ֑לַח
Genesis-10-24	5	332	255.454700	וְ/שֶׁ֖לַח
Genesis-10-24	6	333	256.129240	יָלַ֥ד
Genesis-10-24	7	334	256.649599	אֶת־
Genesis-10-24	8	335	257.459046	עֵֽבֶר׃
Genesis-10-25	1	336	257.728862	וּ/לְ/עֵ֥בֶר
Genesis-10-25	2	337	258.461220	יֻלַּ֖ד
Genesis-10-25	3	338	258.923761	שְׁנֵ֣י
Genesis-10-25	4	339	259.289940	בָנִ֑ים
Genesis-10-25	5	340	259.675391	שֵׁ֣ם
Genesis-10-25	6	341	260.215023	הָֽ/אֶחָ֞ד
Genesis-10-25	7	342	261.294286	פֶּ֗לֶג
Genesis-10-25	8	343	262.527730	כִּ֤י
Genesis-10-25	9	344	263.182997	בְ/יָמָי/ו֙
Genesis-10-25	10	345	263.780447	נִפְלְגָ֣ה
Genesis-10-25	11	346	264.532077	הָ/אָ֔רֶץ
Genesis-10-25	12	347	265.418615	וְ/שֵׁ֥ם
Genesis-10-25	13	348	266.305153	אָחִ֖י/ו
Genesis-10-25	14	349	266.998965	יָקְטָֽן׃
Genesis-10-26	1	350	268.116773	וְ/יָקְטָ֣ן
Genesis-10-26	2	351	269.138219	יָלַ֔ד
Genesis-10-26	3	352	269.870577	אֶת־
Genesis-10-26	4	353	270.178938	אַלְמוֹדָ֖ד
Genesis-10-26	5	354	271.026930	וְ/אֶת־
Genesis-10-26	6	355	271.296746	שָׁ֑לֶף
Genesis-10-26	7	356	271.836378	וְ/אֶת־
Genesis-10-26	8	357	272.433827	חֲצַרְמָ֖וֶת
Genesis-10-26	9	358	273.281820	וְ/אֶת־
Genesis-10-26	10	359	273.590181	יָֽרַח׃
Genesis-10-27	1	360	274.206903	וְ/אֶת־
Genesis-10-27	2	361	274.842898	הֲדוֹרָ֥ם
Genesis-10-27	3	362	275.401802	וְ/אֶת־
Genesis-10-27	4	363	275.710163	אוּזָ֖ל
Genesis-10-27	5	364	276.076342	וְ/אֶת־
Genesis-10-27	6	365	276.481065	דִּקְלָֽה׃
Genesis-10-28	1	366	277.232695	וְ/אֶת־
Genesis-10-28	2	367	277.695237	עוֹבָ֥ל
Genesis-10-28	3	368	278.061416	וְ/אֶת־
Genesis-10-28	4	369	278.446867	אֲבִֽימָאֵ֖ל
Genesis-10-28	5	370	279.371950	וְ/אֶת־
Genesis-10-28	6	371	279.757401	שְׁבָֽא׃
Genesis-10-29	1	372	280.316305	וְ/אֶת־
Genesis-10-29	2	373	281.029390	אוֹפִ֥ר
Genesis-10-29	3	374	281.357024	וְ/אֶת־
Genesis-10-29	4	375	281.800293	חֲוִילָ֖ה
Genesis-10-29	5	376	282.089381	וְ/אֶת־
Genesis-10-29	6	377	282.609740	יוֹבָ֑ב
Genesis-10-29	7	378	283.014464	כָּל־
Genesis-10-29	8	379	283.727549	אֵ֖לֶּה
Genesis-10-29	9	380	284.190090	בְּנֵ֥י
Genesis-10-29	10	381	284.556269	יָקְטָֽן׃
Genesis-10-30	1	382	285.038083	וַֽ/יְהִ֥י
Genesis-10-30	2	383	286.117347	מוֹשָׁבָ֖/ם
Genesis-10-30	3	384	287.042430	מִ/מֵּשָׁ֑א
Genesis-10-30	4	385	287.986785	בֹּאֲ/כָ֥ה
Genesis-10-30	5	386	288.854050	סְפָ֖רָ/ה
Genesis-10-30	6	387	289.412955	הַ֥ר
Genesis-10-30	7	388	289.894769	הַ/קֶּֽדֶם׃
Genesis-10-31	1	389	290.530763	אֵ֣לֶּה
Genesis-10-31	2	390	291.320938	בְנֵי־
Genesis-10-31	3	391	291.802753	שֵׁ֔ם
Genesis-10-31	4	392	292.246021	לְ/מִשְׁפְּחֹתָ֖/ם
Genesis-10-31	5	393	293.113287	לִ/לְשֹׁנֹתָ֑/ם
Genesis-10-31	6	394	293.980552	בְּ/אַרְצֹתָ֖/ם
Genesis-10-31	7	395	295.059816	לְ/גוֹיֵ/הֶֽם׃
Genesis-10-32	1	396	295.888536	אֵ֣לֶּה
Genesis-10-32	2	397	296.813619	מִשְׁפְּחֹ֧ת
Genesis-10-32	3	398	297.565249	בְּנֵי־
Genesis-10-32	4	399	299.319052	נֹ֛חַ
Genesis-10-32	5	400	300.205590	לְ/תוֹלְדֹתָ֖/ם
Genesis-10-32	6	401	301.304126	בְּ/גוֹיֵ/הֶ֑ם
Genesis-10-32	7	402	302.441207	וּ/מֵ/אֵ֜לֶּה
Genesis-10-32	8	403	304.561189	נִפְרְד֧וּ
Genesis-10-32	9	404	306.623353	הַ/גּוֹיִ֛ם
Genesis-10-32	10	405	308.222976	בָּ/אָ֖רֶץ
Genesis-10-32	11	406	309.282967	אַחַ֥ר
Genesis-10-32	12	407	310.227322	הַ/מַּבּֽוּל׃
